CREATE TABLE `acquisto` (
  `id_ordine` int(11) NOT NULL,
  `id_articolo` int(11) NOT NULL,
  `stato` varchar(100) NOT NULL DEFAULT 'pending',
  `prezzo` double DEFAULT NULL,
  `data` date NOT NULL,
  `quantità` int(11) NOT NULL,
  `lettura` int(11) DEFAULT '0',
  PRIMARY KEY (`id_ordine`,`id_articolo`,`data`),
  KEY `id_articolo` (`id_articolo`),
  CONSTRAINT `acquisto_ibfk_1` FOREIGN KEY (`id_ordine`) REFERENCES `ordine` (`id_ordine`),
  CONSTRAINT `acquisto_ibfk_2` FOREIGN KEY (`id_articolo`) REFERENCES `articolo` (`id_articolo`)
) ENGINE=InnoDB DEFAULT CHARSET=utf8;
CREATE TABLE `articolo` (
  `id_articolo` int(11) NOT NULL AUTO_INCREMENT,
  `nome` varchar(255) NOT NULL,
  `descrizione` text,
  `foto` varchar(255) DEFAULT 'img_prodotti/immagine.jpg',
  `prezzo` double NOT NULL,
  `media_recensioni` double NOT NULL DEFAULT '0',
  `n_recensioni` int(11) NOT NULL DEFAULT '0',
  `negozio` varchar(255) NOT NULL,
  `data_inserimento` date NOT NULL,
  `categoria_1` varchar(255) NOT NULL,
  `categoria_2` varchar(255) DEFAULT NULL,
  `categoria_3` varchar(255) DEFAULT NULL,
  PRIMARY KEY (`id_articolo`),
  KEY `categoria_1` (`categoria_1`),
  KEY `categoria_2` (`categoria_2`),
  KEY `categoria_3` (`categoria_3`),
  KEY `negozio` (`negozio`),
  CONSTRAINT `articolo_ibfk_1` FOREIGN KEY (`categoria_1`) REFERENCES `categoria` (`nome_categoria`),
  CONSTRAINT `articolo_ibfk_2` FOREIGN KEY (`categoria_2`) REFERENCES `categoria` (`nome_categoria`),
  CONSTRAINT `articolo_ibfk_3` FOREIGN KEY (`categoria_3`) REFERENCES `categoria` (`nome_categoria`),
  CONSTRAINT `articolo_ibfk_4` FOREIGN KEY (`negozio`) REFERENCES `negozio` (`nome`)
) ENGINE=InnoDB AUTO_INCREMENT=40 DEFAULT CHARSET=utf8;
INSERT INTO `articolo` VALUES
(1,'MSI GTX 1080','MSI GeForce GTX 1080 GAMING X+ 8G. Processore grafico / fornitore: NVIDIA, Processore grafico: GeForce GTX 1080, Risoluzione massima: 7680 x 4320 Pixel. Memoria Grafica Dedicata: 8 GB, Tipo memoria adattatore grafico: GDDR5X, Ampiezza dati: 256 bit. Tipo interfaccia: PCI Express x16 3.0. Tipo di raffreddamento: Attivo, Numero di ventole: 2','img_prodotti/product_2_20160715161637_57889be5d19b6.png',2426.1,0,0,'Zboncak Group','2017-08-09','Componenti per Computer',NULL,NULL),
(2,'MSI Z270','Connetti le strisce RGB esterne e sincronizza gli altri dispositivi compatibili RGB per impostare lo scheda di colori preferito utilizzando una sola applicazione: Mystic Light Sync. Seleziona un qualsiasi colore disponibile utilizzando il tuo smartphone o MSI Gaming APP per trovare la miglior combinazione desiderata. Inotre qualora desidererai cambiare i colori potrai farlo senza alcun problema e in 1 solo secondo!','img_prodotti/25_122016.jpg',2426.1,0,0,'Zboncak Group','2017-08-09','Componenti per Computer',NULL,NULL),
(3,'Sapphire RX 580','Scheda grafica Sapphire nitro+ radeon RX 580. Memoria 4 GB GDDR5. Uscite video dual HDMI / DVI-D / dual DP W/BP (UEFI).','img_prodotti/61lvNsSWbvL_SY355_.jpg',2426.1,0,0,'Zboncak Group','2017-08-09','Componenti per Computer',NULL,NULL),
(4,'math missions: the amazing arcade adventure','save spectacle city by disrupting randall underling\'s plan to drive all the stores out of business and take over the city. solve real-world math challenges in the uniquely entertaining stores and make theme successful again.','img_prodotti/659097.jpg',12.95,0,0,'Blick-Jenkins','2017-01-22','Telefonia',NULL,NULL),
(5,'production prem cs3 mac','adobe cs3 production premium mac upgrade from production studio premium or standard','img_prodotti/41viEwLxkCL._SX425_.jpg',805.99,0,0,'Blick-Jenkins','2017-09-30','TV e Home Cinema',NULL,NULL),
(6,'video studio 11 plus','corel video studio 11 plus is consumer video editing and dvd authoring software that lets anyone do more with video.','img_prodotti/Ulead-Video-Studio-by-free-learnhan.jpg',103.99,0,0,'Blick-Jenkins','2017-02-23','Strumenti musicali e DJ',NULL,NULL),
(7,'edius pro 4','whether you are working with standard definition or high definition video grass valley edius pro nle software frees you from the limitations of conventional editing systems. edius pro software can be upgraded to edius broadcast at any time.','img_prodotti/hqdefault.jpg',585.99,0,0,'Blick-Jenkins','2017-03-22','Portatili e Tablet',NULL,NULL),
(8,'qb pos 6.0 pro multi store sw','qb pos 6.0 pro multistore retail mngmt software. has all the features in basic plus the ability to manage up to ten stores from a single office.','img_prodotti/$_35.JPG',1054.99,0,0,'Blick-Jenkins','2017-02-22','Tutto in Elettronica',NULL,NULL),
(9,'qb credit card kit 3.0','quickbooks credit card kit v3.0 (2007)','img_prodotti/$_35ytvhcrgxefd.JPG',25.99,0,0,'Blick-Jenkins','2017-08-03','Stampanti e Cartucce',NULL,NULL),
(10,'vegas movie studiodvd+8 plat','sony media software vegas movie studio +dvd 8 platinum edition. video editing and dvd creation software vegas movie studio platinum edition software provides the power features and advanced tools you need to edit video in nearly any format ...','img_prodotti/592500_p_wipo.jpeg',92.99,0,0,'Blick-Jenkins','2017-11-07','Cancelleria e prodotti per ufficio',NULL,NULL),
(11,'qb pos 6.0 pro solution hw/sw','qb pos 6.0 pro solution hw/sw. ships in an unprinted corrugated shipper.','img_prodotti/0002828703657_A.jpeg',1474.99,0,0,'Blick-Jenkins','2017-02-20','Portatili e Tablet',NULL,NULL),
(12,'ares rising','decide the fate of the galaxy! a space combat simulation game which combines the action of space combat with strategic planning and a gripping plot.','img_prodotti/270ad_Video_Games_I52PJXKlb5018_P570783_500X500.jpg',29.95,0,0,'Blick-Jenkins','2017-07-02','Audio e Hi-Fi',NULL,NULL),
(13,'evergirl: pc cd-rom video game','based on the tween lifestyle brand launched in 2004 this action/adventure game will contain loads of adventures tailored specifically to the player\'s personality type. the evergirl brand features a clothing and accessories line with a companion web ...','img_prodotti/!!eBstvwB2M~$(KGrHqYOKjoE0,VHIs6FBNQ1w5Vuzw~~_32.JPG',14.99,0,0,'Blick-Jenkins','2017-05-11','Componenti per Computer',NULL,NULL),
(14,'cisco ios advanced ip services cd','cisco systems cd384-aisk9= : usually ships in 24 hours : in stock : cisco ios (internetworking operating system) software is the platform that delivers network services and enables networked applications.','img_prodotti/51hhrZv0s+L._SY463_.jpg',2068.26,0,0,'Blick-Jenkins','2017-05-09','TV e Home Cinema',NULL,NULL),
(15,'wasp bar code fontware','wasp bar code 633808063023 : usually ships in 24 hours : in stock : wasp fontware is a powerful bar code utility that seamlessly integrates truetype fonts with your favorite business software and database applications.','img_prodotti/fontware.jpg',154.6,0,0,'Blick-Jenkins','2017-09-01','Tutto in Informatica',NULL,NULL),
(16,'axis camera station','axis communications 0202-034 : usually ships in 24 hours : in stock : axis camera station is an ip-surveillance software that works with axis network cameras and video servers to provide video monitoring recording and event management functions.','img_prodotti/175x175bb.jpg',95.12,0,0,'Schiller, Cruickshank and Greenfelder','2017-12-31','Telefonia',NULL,NULL),
(17,'microsoft windows xp professional','hp eu063av aba : usually ships in 24 hours : : microsoft windows xp professional is the next version of the windows operating system which is designed for businesses of all sizes and for individuals who demand the most from their computing ...','img_prodotti/mnJTOorUEwVabBjsKc42cbA.jpg',137.09,0,0,'Schiller, Cruickshank and Greenfelder','2017-03-26','Accessori Informatica',NULL,NULL),
(18,'ibm informix dynamic server','ibm bb0gyna : usually ships in 24 hours : : ibm informix dynamic server (ids) delivers superior reliability - meeting the needs of today\'s demanding e-business practices - particularly for applications requiring high-performance transactions.','img_prodotti/sg24-7730-00.jpg',195.53,0,0,'Schiller, Cruickshank and Greenfelder','2017-01-07','Videogiochi per PC e Mac',NULL,NULL),
(19,'zetafax business edition','equisys eqzfn07-201 : usually ships in 24 hours : in stock : the zetafax business edition is the equisys entry-level network fax software for 5 to 25 network users.','img_prodotti/ss_s_deploy_1.jpg',499.17,0,0,'Schiller, Cruickshank and Greenfelder','2017-01-03','Accessori Elettronica',NULL,NULL),
(20,'wasp mobileasset professional','wasp bar code 633808390266 : usually ships in 24 hours : in stock : wasp mobileasset is the 1 selling industry-leading asset tracking solution for small to medium-sized businesses.','img_prodotti/large_1027722309.jpg',2021.99,0,0,'Schiller, Cruickshank and Greenfelder','2017-03-09','Tutto in Informatica',NULL,NULL),
(21,'watchguard firebox','watchguard technologies wg017449 : usually ships in 24 hours : : turn your firebox x5500e into a comprehensive unified threat management (utm) solution - the best in its class - with the utm software suite from watchguard.','img_prodotti/71BtrFYU4IL._SY355_.jpg',3715.48,0,0,'Schiller, Cruickshank and Greenfelder','2017-07-08','Accessori Informatica',NULL,NULL),
(22,'international printing mysap.com','lexmark international 11k2990 : usually ships in 24 hours : : international printing for mysap.','img_prodotti/51M7AAZJF0L.jpg',149.43,0,0,'Schiller, Cruickshank and Greenfelder','2017-06-08','Telefonia',NULL,NULL),
(23,'snap enterprise data replicator','adaptec 5325302018 : usually ships in 24 hours : : snap edr is a high-performance network-optimized software solution for distributing protecting and reporting on business-critical information throughout distributed enterprises.','img_prodotti/1061935.jpeg',663.22,0,0,'Schiller, Cruickshank and Greenfelder','2017-04-04','Portatili e Tablet',NULL,NULL),
(24,'adobe flash cs3 professional','adobe systems 38039440dm : usually ships in 24 hours : : adobe flash cs3 professional software is the most advanced authoring environment for creating rich interactive content for digital web and mobile platforms.','img_prodotti/Adobe_38039481_Flash_CS3_Professional_Software_487832.jpg',18.88,0,0,'Schiller, Cruickshank and Greenfelder','2017-11-17','Stampanti e Cartucce',NULL,NULL),
(25,'symantec bindview policy manager','symantec 11105106 : usually ships in 24 hours : : symantec bindview policy manager reduces the increasing cost of it compliance for multiple regulations by providing automated policy management that defines and disseminates policy throughout the ...','img_prodotti/symantec-security-3-728.jpg',16.09,0,0,'Schiller, Cruickshank and Greenfelder','2017-09-23','Componenti per Computer',NULL,NULL),
(26,'adobe after effects cs3 professional','adobe systems 25510587 : usually ships in 24 hours : : bring your vision to life with blockbuster visual effects and compelling motion graphics.','img_prodotti/41okLn-OTWL._SX425_.jpg',1054.23,0,0,'Schiller, Cruickshank and Greenfelder','2017-01-06','Stampanti e Cartucce',NULL,NULL),
(27,'watchguard gateway antivirus','watchguard technologies wg017127 : usually ships in 24 hours : : viruses and threats carried in by e-mail happen more frequently and become harder to catch.','img_prodotti/0001254_watchguard-gateway-antivirus-1-yr-for-firebox-m300_400.jpeg',751.44,0,0,'Schiller, Cruickshank and Greenfelder','2017-06-05','Cancelleria e prodotti per ufficio',NULL,NULL),
(28,'plasmon additional maintenance','plasmon did0480p-m311 : usually ships in 24 hours : : plasmon provides the industry\'s most comprehensive line of automated storage libraries optical drives disks library storage management software and associated support services.','img_prodotti/cmaa60f3f03_online.jpg',1562.06,0,0,'Schiller, Cruickshank and Greenfelder','2017-01-21','Archiviazione e Periferiche',NULL,NULL),
(29,'wasp nest ccd suite business edition','wasp bar code 633808035020 : usually ships in 24 hours : in stock : wasp nest suite is a powerful desktop bar code solution that\'s right for your business.','img_prodotti/WaspNest-WCS3900-270px.jpg',179.03,0,0,'Schiller, Cruickshank and Greenfelder','2017-12-12','Accessori Elettronica',NULL,NULL),
(30,'microsoft entertainment pocketpak','microsoft 711-00072 : usually ships in 24 hours : in stock : microsoft is the worldwide leader in software services and internet technologies for personal and business computing.','img_prodotti/57d1ed5d-1de0-48af-8e37-86366131f4ae.jpg',29.93,0,0,'Schiller, Cruickshank and Greenfelder','2017-04-06','Strumenti musicali e DJ',NULL,NULL),
(31,'sonicwall anti-virus suite','sonicwall 01-ssc-6993 : usually ships in 24 hours : : sonicwall client/server anti-virus suite leverages the award-winning mcafee netshield and groupshield applications for networks with windows -based file print and exchange servers.','img_prodotti/sonicwall-comprehensive-gateway-security-suite-for-nsa-5600-3-year-c82.jpg',3992.98,0,0,'Zboncak Group','2017-01-25','Archiviazione e Periferiche',NULL,NULL),
(32,'ulead videostudio 10','corel buvsag-00000 : usually ships in 24 hours : in stock : ulead videostudio 10 features affordable and easy-to-use editing and authoring tools for making great home movies.','img_prodotti/51XvFVOZOtL._SX425_.jpg',61.94,0,0,'Zboncak Group','2017-12-22','Desktop e Monitor',NULL,NULL),
(33,'perfect dark zero xbox 360','microsoft s71-00009 : usually ships in 24 hours : in stock : joanna dark returns in the xbox 360 exclusive perfect dark: zero the prequel to the internationally award-winning and multi-million selling first-person shooter perfect dark from famed ...','img_prodotti/ghftnfhn.jpeg',34.38,0,0,'Zboncak Group','2017-05-31','TV e Home Cinema',NULL,NULL),
(34,'microsoft digital image suite','microsoft c6q-00002 : usually ships in 24 hours : in stock : get powerful digital photography tools and perfect your shots - whether you\'re a beginner or a pro.','img_prodotti/51DZNMWKDDL._SX385_.jpg',93.33,0,0,'Zboncak Group','2017-03-04','Tecnologia indossabile',NULL,NULL),
(35,'ilife \'06 mac','apple computer ma166z/a : usually ships in 24 hours : : ilife \'06 the must-have update to apple\'s award-winning suite of digital lifestyle applications delivers major upgrades to iphoto imovie hd idvd and garageband plus an innovative new ...','img_prodotti/51G2QDRM33L._SX425_.jpg',72.74,0,0,'Zboncak Group','2017-03-13','Portatili e Tablet',NULL,NULL),
(36,'cisco ios enterprise services','cisco systems s45es-12225sg= : usually ships in 24 hours : : cisco ios (internetworking operating system) software is the platform that delivers network services and enables networked applications.','img_prodotti/82786e703896e4c71ca6b7edd2bbbdb3.jpg',7022.74,0,0,'Zboncak Group','2017-11-18','Tecnologia indossabile',NULL,NULL),
(37,'microsoft windows business server 2003','microsoft t74-00004 : usually ships in 24 hours : in stock : as a small business you have to work harder than ever.','img_prodotti/qpwoeierh.jpg',1834.4,0,0,'Zboncak Group','2017-02-14','Tutto in Elettronica',NULL,NULL),
(38,'quarkxpress','quark 122103 : usually ships in 24 hours : in stock : quarkxpress is powerful design and page layout software with an intuitive versatile interface that lets you combine superior typography with color and pictures to produce dynamic final output ...','img_prodotti/quarkxpress-upgrade-plan-12-mesi.jpg',742.21,0,0,'Zboncak Group','2017-09-24','GPS ed elettronica per veicoli',NULL,NULL),
(39,'dsview - win','avocent dsv3-swa : usually ships in 24 hours : : the avocent dsview management software provides the industry\'s most secure and reliable kvm over ip centralized management system for the data center.','img_prodotti/emerson_logo_26.jpg',2426.1,0,0,'Zboncak Group','2017-08-09','Archiviazione e Periferiche',NULL,NULL),
(40,'learning quickbooks 2007','learning quickbooks 2007','img_prodotti/s-l300.jpg',38.99,0,0,'Blick-Jenkins','2017-07-05','Accessori Informatica',NULL,NULL),
(41,'superstart! fun with reading & writing!','fun with reading & writing! is designed to help kids learn to read and write better through exercises puzzle-solving creative writing decoding and more!','img_prodotti/reading__writing.jpg',8.49,0,0,'Blick-Jenkins','2017-05-10','Audio e Hi-Fi',NULL,NULL),
(42,'qb pos 6.0 basic software','qb pos 6.0 basic retail mngmt software. for retailers who need basic inventory sales and customer tracking.','img_prodotti/51H5WA5P0PL._SX385_.jpg',637.99,0,0,'Blick-Jenkins','2017-06-03','Accessori Elettronica',NULL,NULL);
CREATE TABLE `categoria` (
  `nome_categoria` varchar(255) NOT NULL,
  `desc_categoria` varchar(255) DEFAULT NULL,
  PRIMARY KEY (`nome_categoria`)
) ENGINE=InnoDB DEFAULT CHARSET=utf8;
INSERT INTO `categoria` VALUES ('Accessori Elettronica',NULL),('Accessori Informatica',NULL),('Archiviazione e Periferiche',NULL),('Audio e Hi-Fi',NULL),('Cancelleria e prodotti per ufficio',NULL),('Componenti per Computer',NULL),('CPU',NULL),('Desktop e Monitor',NULL),('Foto e videocamere',NULL),('GPS ed elettronica per veicoli',NULL),('Memoria',NULL),('nome_categoria',NULL),('Portatili e Tablet',NULL),('Software',NULL),('Stampanti e Cartucce',NULL),('Strumenti musicali e DJ',NULL),('Tecnologia indossabile',NULL),('Telefonia',NULL),('Tutto in Elettronica',NULL),('Tutto in Informatica',NULL),('Tutto in Informatica)',NULL),('TV e Home Cinema',NULL),('Videogiochi per PC e Mac',NULL);
CREATE TABLE `citta` (
  `nome` varchar(255) NOT NULL,
  PRIMARY KEY (`nome`)
) ENGINE=InnoDB DEFAULT CHARSET=utf8;
INSERT INTO `citta` VALUES ('Agrigento'),('Bari'),('Brindisi'),('Catania'),('Catanzaro'),('Cosenza'),('Crotone'),('Foggia'),('Frosinone'),('Latina'),('Lecce'),('Messina'),('Palermo'),('Pergine Valsugana'),('Ragusa'),('Reggio di Calabria'),('Rieti'),('Roma'),('Taranto'),('Trento'),('Vibo Valentina'),('Viterbo');
DROP TABLE IF EXISTS `coordinate`;
CREATE TABLE `coordinate` (
  `id` int(11) NOT NULL AUTO_INCREMENT,
  `latitudine` double NOT NULL,
  `longitudine` double NOT NULL,
  `address` varchar(255) NOT NULL,
  PRIMARY KEY (`id`)
) ENGINE=InnoDB AUTO_INCREMENT=201 DEFAULT CHARSET=utf8;
INSERT INTO `coordinate` VALUES (0,46.059535,11.233824,'Via Graberi 70'),(1,41.471733,15.533724,'VIA DELL\'ABBONDANZA'),(2,41.471677,15.544109,'VIA BARLETE'),(3,41.459328,15.545397,'VICOLO BISSI'),(4,41.459328,15.530119,'VIA BENELLI BRUNO'),(5,41.455919,15.55192,'VIALE LOMBARDO MARCO'),(6,41.449357,15.54059,'VIA MISSIROLI ICILIO'),(7,41.467433,15.552349,'VIA TOBAGI WALTER'),(8,41.450901,15.519476,'VIA FIUMICELLO'),(9,41.480813,15.559559,'VIA ALDINI ALDO'),(10,41.441319,15.580845,'VIA RE FILIPPO'),(11,41.126678,16.860965,'VIA PIZZETTI ILDEBRANDO'),(12,41.126622,16.87135,'VIA SEGURINI TERZO'),(13,41.114273,16.872638,'VIA SAMARITANI AGIDE'),(14,41.114273,16.85736,'VIA ARGINE DESTRO SAVIO'),(15,41.110864,16.879161,'VIA DEL LAVORO'),(16,41.104302,16.867831,'VIA DE GASPERI ALCIDE'),(17,41.122378,16.87959,'VIA LA PALISSE JACQUES'),(18,41.105846,16.846717,'VIA HOLBEIN HANS'),(19,41.135758,16.8868,'VIA CHIESA DAMIANO'),(20,41.096264,16.908086,'VIA CALLEGATI ARRIGO'),(21,40.461429,17.266125,'VIA PRATO'),(22,40.461373,17.27651,'VIA MESINI DON GIOVANNI'),(23,40.449024,17.277798,'VIA LAMA LUCIANO'),(24,40.449024,17.26252,'VIA BALDINI SANTI'),(25,40.445615,17.284321,'VIA TREDICI MARZO 1987'),(26,40.439053,17.272991,'VIA FELISATTI GIROLAMO'),(27,40.457129,17.28475,'VIA SILVAGNI DON NICOLA'),(28,40.440597,17.251877,'VIA TURCI DON MARIO'),(29,40.470509,17.29196,'VIA SALIETTI ALBERTO'),(30,40.431015,17.313246,'VIA GRANDI ACHILLE'),(31,40.36105,18.16411,'VIA MINGUZZI'),(32,40.360994,18.174495,'VIA MATTEOTTI GIACOMO'),(33,40.348645,18.175783,'PIAZZALE SOPRANI WILMA'),(34,40.348645,18.160505,'VIALE VIRGILIO PUBLIO MARONE'),(35,40.345236,18.182306,'VIALE LUCANO ANNEO MARCO'),(36,40.338674,18.170976,'PIAZZA COSTA ANDREA'),(37,40.35675,18.182735,'VIA BARBONI ORAZIO'),(38,40.340218,18.149862,'PIAZZALE ROSSI GIOVANNI BATTISTA'),(39,40.37013,18.189945,'VIA BUSMANTI DARIO'),(40,40.330636,18.211231,'VIA ORIOLI LUIGI'),(41,40.642263,17.930856,'VIA CAPPI ALESSANDRO'),(42,40.642207,17.941241,'VIA BAGNOLO'),(43,40.629858,17.942529,'VIA BIANCOLI FRATELLI'),(44,40.629858,17.927251,'VIA MARIGNOLLI GIOVANNI'),(45,40.626449,17.949052,'VIA GARAVINI BRUNO'),(46,40.619887,17.937722,'PIAZZA MAMELI GOFFREDO'),(47,40.637963,17.949481,'VIA LA TORRE PIO'),(48,40.621431,17.916608,'VIA ABBA CESARE'),(49,40.651343,17.956691,'VIA ACQUARA SUPERIORE'),(50,40.611849,17.977977,'VIA COSTANTINI MARIO'),(51,41.912318,12.48546,'VIA DEI TRE LATI'),(52,41.912262,12.495845,'VIA FABBRI'),(53,41.899913,12.497133,'VIA SAVINIO ALBERTO'),(54,41.899913,12.481855,'VICOLO CHIESA'),(55,41.896504,12.503656,'CARRAIA VANGATICCIO'),(56,41.889942,12.492326,'CARRAIA CANOVA'),(57,41.908018,12.504085,'VICOLO DEL SALE'),(58,41.891486,12.471212,'CARRARONE CHIESA'),(59,41.921398,12.511295,'VICOLO CHIESA'),(60,41.881904,12.532581,'VIA SINISTRA CANALE MOLINETTO'),(61,41.652649,13.336272,'CARRAIA GRAZIANI'),(62,41.652593,13.346657,'CARRAIA SORBOLI'),(63,41.640244,13.347945,'VIALE CABOTO'),(64,41.640244,13.332667,'VIA MONTAGNOLA'),(65,41.636835,13.354468,'PIAZZA MAZZINI GIUSEPPE'),(66,41.630273,13.343138,'VIA DEL DOTTORE'),(67,41.648349,13.354897,'VIA DEL BORGO'),(68,41.631817,13.322024,'VIA DORSO GUIDO'),(69,41.661729,13.362107,'VIA NOCE TERESA'),(70,41.622235,13.383393,'VIA FORLIVESE'),(71,41.477102,12.892691,'VIA BAGNOLO'),(72,41.477046,12.903076,'VIA DISMANO'),(73,41.464697,12.904364,'VIA STANDIANA'),(74,41.464697,12.889086,'VIA DISMANINO'),(75,41.461288,12.910887,'VIA SANT\'ALBERTO'),(76,41.454726,12.899557,'VIA FARINI EPAMINONDA'),(77,41.472802,12.911316,'VIA SAN VITALE STRADA STATALE'),(78,41.45627,12.878443,'VIA CASTELLO'),(79,41.486182,12.918526,'VIA TORRES CAMILLO'),(80,41.446688,12.939812,'VIA BUOZZI BRUNO'),(81,42.414044,12.845822,'VIA PIERO DELLA FRANCESCA'),(82,42.413988,12.856207,'VIA BALLARDINI GIUSEPPE'),(83,42.401639,12.857495,'VIA DEL TEATRO SOCJALE'),(84,42.401639,12.842217,'VIA DALLA CHIESA CARLO ALBERTO'),(85,42.39823,12.864018,'PARCO DEL SOLE'),(86,42.391668,12.852688,'PARCO PASSO DI SAN GERVASIO'),(87,42.409744,12.864447,'PARCO DELLA PACE'),(88,42.393212,12.831574,'PARCO DEGLI ALBERI FATATI'),(89,42.423124,12.871657,'VIA CHIESA'),(90,42.38363,12.892943,'VIA DELLA CILLA'),(91,42.430212,12.096763,'VIA RICCI CORRADO'),(92,42.430156,12.107148,'VIA SCHIAPPARELLI GIOVANNI VIRGILIO'),(93,42.417807,12.108436,'VIA FRISI PAOLO'),(94,42.417807,12.093158,'VIA BOZZI ALDO'),(95,42.414398,12.114959,'VIA BACCARINI ALFREDO'),(96,42.407836,12.103629,'VIA QUASIMODO SALVATORE'),(97,42.425912,12.115388,'VIA PACIOLI LUCA'),(98,42.40938,12.082515,'LUNGOMARE COLOMBO CRISTOFORO'),(99,42.439292,12.122598,'VICOLO CHIESA'),(100,42.399798,12.143884,'VIALE ALBERTI LEON BATTISTA'),(101,37.318942,13.575076,'VIALE DELLA PACE'),(102,37.318886,13.585461,'PARCO VALPIANI ITALA'),(103,37.306537,13.586749,'PARCO QUADRIFOGLIO'),(104,37.306537,13.571471,'VIA RIGHINI GUALTIERO'),(105,37.303128,13.593272,'VIA BASSA'),(106,37.296566,13.581942,'VIA BENDAZZI LUIGIA'),(107,37.314642,13.593701,'VIALE BRUNELLESCHI FILIPPO'),(108,37.29811,13.560828,'VIA KEPLERO GIOVANNI'),(109,37.328022,13.600911,'VIA DELL\'ARATRO'),(110,37.288528,13.622197,'PIAZZALE MARRADI GIOVANNI'),(111,37.517412,15.072124,'VIA MAZZESI OTTAVIO'),(112,37.517356,15.082509,'VIA TOMBA'),(113,37.505007,15.083797,'VIA GNANI ARMANDO'),(114,37.505007,15.068519,'VIA GUERRINI ARNALDO'),(115,37.501598,15.09032,'VIA SCOTT ROBERT F.'),(116,37.495036,15.07899,'VIA BABINI DOMENICO'),(117,37.513112,15.090749,'VIA MATTEI ENRICO'),(118,37.49658,15.057876,'VIA BALDINI NULLO'),(119,37.526492,15.097959,'VIA PIROLINI GIOVANBATTISTA'),(120,37.486998,15.119245,'VIA RAMPINA'),(121,38.203349,15.543109,'VIA COMANDINI UBALDO'),(122,38.203293,15.553494,'VIA CAMPO SPORTIVO'),(123,38.190944,15.554782,'VIA CAIROLI BENEDETTO'),(124,38.190944,15.539504,'VIA BAIARDO PIETRO'),(125,38.187535,15.561305,'VIA GUERRINI OLINDO'),(126,38.180973,15.549975,'VIA MOLINAZZA'),(127,38.199049,15.561734,'VIA SEPPILLI ANTONIO'),(128,38.182517,15.528861,'VIA HALLEY EDMUND'),(129,38.212429,15.568944,'VIA CORELLI ANGELO'),(130,38.172935,15.59023,'VIA ROMANELLO INFERIORE'),(131,38.125223,13.350361,'VIALE CAVINA SERGIO'),(132,38.125167,13.360746,'VIALE VIVALDI F.LLI'),(133,38.112818,13.362034,'GIARDINO NABRUZZI LUDOVICO'),(134,38.112818,13.346756,'GIARDINO MADRE TERESA DI CALCUTTA'),(135,38.109409,13.368557,'VIA DELL\'OLMO'),(136,38.102847,13.357227,'VIA CAVALCOLI GIOVANNI'),(137,38.120923,13.368986,'VIA VALGIMIGLI MANARA'),(138,38.104391,13.336113,'VIA CERVI FRATELLI'),(139,38.134303,13.376196,'VIA CUPA'),(140,38.094809,13.397482,'VIA RONDINELLI NICOLO\''),(141,36.936462,14.714607,'VIA CAVALCHI LUIGI'),(142,36.936406,14.724992,'VIALE CALCAGNINI CLELIO'),(143,36.924057,14.72628,'VIA DEL LAVORO'),(144,36.924057,14.711002,'CARRAIA GAMBALESTA'),(145,36.920648,14.732803,'VIA ROMEA'),(146,36.914086,14.721473,'VIA DEL CASTELLO'),(147,36.932162,14.733232,'VIA CHIESA'),(148,36.91563,14.700359,'VIA DELLA FOCA MONICA'),(149,36.945542,14.740442,'VIA VALTORTO'),(150,36.906048,14.761728,'VIA DELLA CHIESA'),(151,38.919327,16.576746,'VIA BASSA URBINA'),(152,38.919271,16.587131,'VIA DISMANO VECCHIO'),(153,38.906922,16.588419,'VIA ZUCCHERIFICIO'),(154,38.906922,16.573141,'GIARDINO RINALDO DA CONCOREZZO'),(155,38.903513,16.594942,'VIA ZUCCHERIFICIO'),(156,38.896951,16.583612,'GIARDINO SPEYER'),(157,38.915027,16.595371,'CARRAIA VENEZIANE'),(158,38.898495,16.562498,'VIA DA PORDENONE ODORICO'),(159,38.928407,16.602581,'VIA BERNICOLI SILVIO'),(160,38.888913,16.623867,'VIA VANONI EZIO'),(161,39.307798,16.24283,'VIA BREGOLI VINCENZO'),(162,39.307742,16.253215,'VIA NICOLODI AURELIO'),(163,39.295393,16.254503,'PIAZZA DELL\'ESARCATO'),(164,39.295393,16.239225,'VIA SPAZZOLI TONINO'),(165,39.291984,16.261026,'VIA CHIESA'),(166,39.285422,16.249696,'VIA OBERDAN GUGLIELMO'),(167,39.303498,16.261455,'VIA MOLINAZZA'),(168,39.286966,16.228582,'VIA PILO ROSOLINO'),(169,39.316878,16.268665,'VIA DAL PANE LUIGI'),(170,39.277384,16.289951,'VIA MAZZINI GIUSEPPE'),(171,39.090328,17.116204,'VIA BERRETTI FRANCESCO'),(172,39.090272,17.126589,'VIA DEL PARADELLO'),(173,39.077923,17.127877,'VIA GARDELLA ODOARDO'),(174,39.077923,17.112599,'VIA MARANA'),(175,39.074514,17.1344,'VIA THAON DE REVEL PAOLO'),(176,39.067952,17.12307,'VIA CALETTI BINDO GIACOMO'),(177,39.086028,17.134829,'VIA DODICI DICEMBRE 1969'),(178,39.069496,17.101956,'VIA MAMELI GOFFREDO'),(179,39.099408,17.142039,'VIA ALESSANDRINI EMILIO'),(180,39.059914,17.163325,'VIA GARDINI RAUL'),(181,38.103015,15.663151,'VIA CUSANO NICOLA'),(182,38.102959,15.673536,'VICOLO SANT\'ANTONIO'),(183,38.09061,15.674824,'VIA DELL\'ALMAGIA'),(184,38.09061,15.659546,'VIA DELLO STAGNINO'),(185,38.087201,15.681347,'VIA RIPA SPA'),(186,38.080639,15.670017,'VIA AUTOSTRADA'),(187,38.098715,15.681776,'VIA BASIGLI ANTONIO'),(188,38.082183,15.648903,'VIA DELL\'ABATE'),(189,38.112095,15.688986,'VIA PALATUCCI GIOVANNI'),(190,38.072601,15.710272,'VIA SANT\'ANTONIO'),(191,38.685312,16.087443,'VIA NANSEN FRIDTJOF'),(192,38.685256,16.097828,'VIALE METASTASIO PIETRO'),(193,38.672907,16.099116,'GIARDINO DAOLIO AUGUSTO'),(194,38.672907,16.083838,'VIA ARMUZZI GIUSEPPE'),(195,38.669498,16.105639,'VIA GATTOLO INFERIORE'),(196,38.662936,16.094309,'VIA MASSA'),(197,38.681012,16.106068,'PIAZZA BARBE\' PIER ALFONSO'),(198,38.66448,16.073195,'VIA BENDAZZI ANACLETO'),(199,38.694392,16.113278,'VIA PIOMBONI'),(200,38.654898,16.134564,'VIA ANTICO FOSSO GHIAIA');
CREATE TABLE `negozio` (
  `nome` varchar(255) NOT NULL,
  `venditore` varchar(255) NOT NULL,
  `descrizione` varchar(255) DEFAULT NULL,
  `foto` varchar(255) DEFAULT 'img/store.png',
  `link` varchar(255) DEFAULT NULL,
  PRIMARY KEY (`nome`),
  KEY `venditore` (`venditore`),
  CONSTRAINT `negozio_ibfk_1` FOREIGN KEY (`venditore`) REFERENCES `utente` (`email`)
) ENGINE=InnoDB DEFAULT CHARSET=utf8;
INSERT INTO `negozio` VALUES ('Abernathy Group','karan_karpin@gmail.com','Morbi a ipsum. Integer a nibh. In quis justo. Maecenas rhoncus aliquam lacus. Morbi quis tortor id nulla ultrices aliquet. Maecenas leo odio, condimentum id, luctus nec, molestie sed, justo. Pellentesque viverra pede ac diam. Cras pellentesque volutpat du','img/store.png','https://sciencedirect.com'),('Anderson LLC','donette.foller@cox.net','Lorem ipsum dolor sit amet, consectetuer adipiscing elit. Proin risus. Praesent lectus. Vestibulum quam sapien, varius ut, blandit non, interdum in, ante. Vestibulum ante ipsum primis in faucibus orci luctus et ultrices posuere cubilia Curae; Duis faucibu','img/store.png','https://vinaora.com'),('Bailey, Larson and McDermott','allene_iturbide@cox.net','Pellentesque at nulla. Suspendisse potenti. Cras in purus eu magna vulputate luctus. Cum sociis natoque penatibus et magnis dis parturient montes, nascetur ridiculus mus. Vivamus vestibulum sagittis sapien. Cum sociis natoque penatibus et magnis dis partu','img/store.png','http://is.gd'),('Batz and Sons','bmalet@yahoo.com','Cum sociis natoque penatibus et magnis dis parturient montes, nascetur ridiculus mus. Etiam vel augue. Vestibulum rutrum rutrum neque. Aenean auctor gravida sem. Praesent id massa id nisl venenatis lacinia. Aenean sit amet justo. Morbi ut odio. Cras mi pe','img/store.png','http://infoseek.co.jp'),('Bauch, Bernhard and Herzog','sage_wieser@cox.net','Nunc rhoncus dui vel sem. Sed sagittis. Nam congue, risus semper porta volutpat, quam pede lobortis ligula, sit amet eleifend pede libero quis orci. Nullam molestie nibh in lectus. Pellentesque at nulla. Suspendisse potenti. Cras in purus eu magna vulputa','img/store.png','http://nationalgeographic.com'),('Bauch-Kunde','dkines@hotmail.com','Vivamus vestibulum sagittis sapien. Cum sociis natoque penatibus et magnis dis parturient montes, nascetur ridiculus mus. Etiam vel augue. Vestibulum rutrum rutrum neque. Aenean auctor gravida sem. Praesent id massa id nisl venenatis lacinia. Aenean sit a','img/store.png','https://163.com'),('Baumbach, McClure and O\'Keefe','lettie_isenhower@yahoo.com','Phasellus id sapien in sapien iaculis congue. Vivamus metus arcu, adipiscing molestie, hendrerit at, vulputate vitae, nisl. Aenean lectus. Pellentesque eget nunc. Donec quis orci eget orci vehicula condimentum. Curabitur in libero ut massa volutpat conval','img/store.png','https://github.io'),('Beahan, Botsford and Mraz','sue@aol.com','Aenean sit amet justo. Morbi ut odio. Cras mi pede, malesuada in, imperdiet et, commodo vulputate, justo. In blandit ultrices enim. Lorem ipsum dolor sit amet, consectetuer adipiscing elit. Proin interdum mauris non ligula pellentesque ultrices. Phasellus','img/store.png','https://shareasale.com'),('Beatty Inc','vmondella@mondella.com','Suspendisse potenti. Nullam porttitor lacus at turpis. Donec posuere metus vitae ipsum. Aliquam non mauris. Morbi non lectus. Aliquam sit amet diam in magna bibendum imperdiet. Nullam orci pede, venenatis non, sodales sed, tincidunt eu, felis. Fusce posue','img/store.png','http://ca.gov'),('Beatty-Prohaska','lemuel.latzke@gmail.com','Integer aliquet, massa id lobortis convallis, tortor risus dapibus augue, vel accumsan tellus nisi eu orci. Mauris lacinia sapien quis libero. Nullam sit amet turpis elementum ligula vehicula consequat. Morbi a ipsum. Integer a nibh. In quis justo. Maecen','img/store.png','http://amazon.de'),('Bednar and Sons','shawna_palaspas@palaspas.org','Aenean fermentum. Donec ut mauris eget massa tempor convallis. Nulla neque libero, convallis eget, eleifend luctus, ultricies eu, nibh. Quisque id justo sit amet sapien dignissim vestibulum. Vestibulum ante ipsum primis in faucibus orci luctus et ultrices','img/store.png','http://t-online.de'),('Bednar Group','pamella.schmierer@schmierer.org','Morbi porttitor lorem id ligula. Suspendisse ornare consequat lectus. In est risus, auctor sed, tristique in, tempus sit amet, sem. Fusce consequat. Nulla nisl. Nunc nisl. Duis bibendum, felis sed interdum venenatis, turpis enim blandit mi, in porttitor p','img/store.png','https://goo.gl'),('Beier, Abernathy and Abernathy','stephen_emigh@hotmail.com','Nullam molestie nibh in lectus. Pellentesque at nulla. Suspendisse potenti. Cras in purus eu magna vulputate luctus. Cum sociis natoque penatibus et magnis dis parturient montes, nascetur ridiculus mus. Vivamus vestibulum sagittis sapien. Cum sociis natoq','img/store.png','http://nps.gov'),('Blanda, Gerlach and Wyman','latrice.tolfree@hotmail.com','Donec dapibus. Duis at velit eu est congue elementum. In hac habitasse platea dictumst. Morbi vestibulum, velit id pretium iaculis, diam erat fermentum justo, nec condimentum neque sapien placerat ante. Nulla justo. Aliquam quis turpis eget elit sodales s','img/store.png','https://blog.com'),('Blick-Jenkins','ahoneywell@honeywell.com','Vestibulum ante ipsum primis in faucibus orci luctus et ultrices posuere cubilia Curae; Mauris viverra diam vitae quam. Suspendisse potenti. Nullam porttitor lacus at turpis. Donec posuere metus vitae ipsum. Aliquam non mauris. Morbi non lectus. Aliquam s','img/store.png','https://walmart.com'),('Boehm, Konopelski and Kiehn','delmy.ahle@hotmail.com','Nullam orci pede, venenatis non, sodales sed, tincidunt eu, felis. Fusce posuere felis sed lacus. Morbi sem mauris, laoreet ut, rhoncus aliquet, pulvinar sed, nisl. Nunc rhoncus dui vel sem. Sed sagittis. Nam congue, risus semper porta volutpat, quam pede','img/store.png','http://yahoo.com'),('Boyle LLC','minna_amigon@yahoo.com','Nullam molestie nibh in lectus. Pellentesque at nulla. Suspendisse potenti. Cras in purus eu magna vulputate luctus. Cum sociis natoque penatibus et magnis dis parturient montes, nascetur ridiculus mus. Vivamus vestibulum sagittis sapien. Cum sociis natoq','img/store.png','https://hao123.com'),('Boyle LLCX','shenika@gmail.com','Integer ac neque. Duis bibendum. Morbi non quam nec dui luctus rutrum. Nulla tellus. In sagittis dui vel nisl. Duis ac nibh. Fusce lacus purus, aliquet at, feugiat non, pretium quis, lectus. Suspendisse potenti. In eleifend quam a odio. In hac habitasse p','img/store.png','https://twitter.com'),('Boyle, Nienow and Brown','fannie.lungren@yahoo.com','Curabitur gravida nisi at nibh. In hac habitasse platea dictumst. Aliquam augue quam, sollicitudin vitae, consectetuer eget, rutrum at, lorem. Integer tincidunt ante vel ipsum. Praesent blandit lacinia erat. Vestibulum sed magna at nunc commodo placerat. ','img/store.png','https://quantcast.com'),('Bradtke, Borer and Brakus','choa@hoa.org','Cras mi pede, malesuada in, imperdiet et, commodo vulputate, justo. In blandit ultrices enim. Lorem ipsum dolor sit amet, consectetuer adipiscing elit. Proin interdum mauris non ligula pellentesque ultrices. Phasellus id sapien in sapien iaculis congue. V','img/store.png','https://mapquest.com'),('Braun Group','viva.toelkes@gmail.com','Duis mattis egestas metus. Aenean fermentum. Donec ut mauris eget massa tempor convallis. Nulla neque libero, convallis eget, eleifend luctus, ultricies eu, nibh. Quisque id justo sit amet sapien dignissim vestibulum. Vestibulum ante ipsum primis in fauci','img/store.png','https://amazon.co.jp'),('Braun-Beer','jmconnell@hotmail.com','Maecenas tristique, est et tempus semper, est quam pharetra magna, ac consequat metus sapien ut nunc. Vestibulum ante ipsum primis in faucibus orci luctus et ultrices posuere cubilia Curae; Mauris viverra diam vitae quam. Suspendisse potenti. Nullam portt','img/store.png','http://pagesperso-orange.fr'),('Breitenberg LLC','merlyn_lawler@hotmail.com','Morbi non quam nec dui luctus rutrum. Nulla tellus. In sagittis dui vel nisl. Duis ac nibh. Fusce lacus purus, aliquet at, feugiat non, pretium quis, lectus. Suspendisse potenti. In eleifend quam a odio. In hac habitasse platea dictumst. Maecenas ut massa','img/store.png','https://soup.io'),('Breitenberg, Yost and Collier','rolland@cox.net','Phasellus sit amet erat. Nulla tempus. Vivamus in felis eu sapien cursus vestibulum. Proin eu mi. Nulla ac enim. In tempor, turpis nec euismod scelerisque, quam turpis adipiscing lorem, vitae mattis nibh ligula nec sem. Duis aliquam convallis nunc. Proin ','img/store.png','https://sfgate.com'),('Buckridge and Sons','theola_frey@frey.com','Lorem ipsum dolor sit amet, consectetuer adipiscing elit. Proin risus. Praesent lectus. Vestibulum quam sapien, varius ut, blandit non, interdum in, ante. Vestibulum ante ipsum primis in faucibus orci luctus et ultrices posuere cubilia Curae; Duis faucibu','img/store.png','http://yandex.ru'),('Buckridge-King','jbutt@gmail.com','Aenean sit amet justo. Morbi ut odio. Cras mi pede, malesuada in, imperdiet et, commodo vulputate, justo. In blandit ultrices enim. Lorem ipsum dolor sit amet, consectetuer adipiscing elit. Proin interdum mauris non ligula pellentesque ultrices. Phasellus','img/store.png','http://usatoday.com'),('Cartwright-Graham','fjillson@aol.com','Nulla ac enim. In tempor, turpis nec euismod scelerisque, quam turpis adipiscing lorem, vitae mattis nibh ligula nec sem. Duis aliquam convallis nunc. Proin at turpis a pede posuere nonummy. Integer non velit. Donec diam neque, vestibulum eget, vulputate ','img/store.png','http://washington.edu'),('Cassin Inc','hdemesa@cox.net','Vestibulum ante ipsum primis in faucibus orci luctus et ultrices posuere cubilia Curae; Donec pharetra, magna vestibulum aliquet ultrices, erat tortor sollicitudin mi, sit amet lobortis sapien sapien non mi. Integer ac neque. Duis bibendum. Morbi non quam','img/store.png','http://yahoo.co.jp'),('Champlin, Corkery and Predovic','ernie_stenseth@aol.com','Cras pellentesque volutpat dui. Maecenas tristique, est et tempus semper, est quam pharetra magna, ac consequat metus sapien ut nunc. Vestibulum ante ipsum primis in faucibus orci luctus et ultrices posuere cubilia Curae; Mauris viverra diam vitae quam. S','img/store.png','https://myspace.com'),('Collier and Sons','oshealy@hotmail.com','Suspendisse ornare consequat lectus. In est risus, auctor sed, tristique in, tempus sit amet, sem. Fusce consequat. Nulla nisl. Nunc nisl. Duis bibendum, felis sed interdum venenatis, turpis enim blandit mi, in porttitor pede justo eu massa. Donec dapibus','img/store.png','https://admin.ch'),('Conn-Brekke','amber_monarrez@monarrez.org','In est risus, auctor sed, tristique in, tempus sit amet, sem. Fusce consequat. Nulla nisl. Nunc nisl. Duis bibendum, felis sed interdum venenatis, turpis enim blandit mi, in porttitor pede justo eu massa. Donec dapibus. Duis at velit eu est congue element','img/store.png','http://europa.eu'),('Corwin-Ritchie','eun@yahoo.com','Sed sagittis. Nam congue, risus semper porta volutpat, quam pede lobortis ligula, sit amet eleifend pede libero quis orci. Nullam molestie nibh in lectus. Pellentesque at nulla. Suspendisse potenti. Cras in purus eu magna vulputate luctus. Cum sociis nato','img/store.png','http://census.gov'),('Crona LLC','dominque.dickerson@dickerson.org','Aliquam non mauris. Morbi non lectus. Aliquam sit amet diam in magna bibendum imperdiet. Nullam orci pede, venenatis non, sodales sed, tincidunt eu, felis. Fusce posuere felis sed lacus. Morbi sem mauris, laoreet ut, rhoncus aliquet, pulvinar sed, nisl. N','img/store.png','https://usnews.com'),('Cruickshank and Sons','mroyster@royster.com','In hac habitasse platea dictumst. Maecenas ut massa quis augue luctus tincidunt. Nulla mollis molestie lorem. Quisque ut erat. Curabitur gravida nisi at nibh. In hac habitasse platea dictumst. Aliquam augue quam, sollicitudin vitae, consectetuer eget, rut','img/store.png','http://japanpost.jp'),('Davis and Sons','josephine_darakjy@darakjy.org','Vestibulum quam sapien, varius ut, blandit non, interdum in, ante. Vestibulum ante ipsum primis in faucibus orci luctus et ultrices posuere cubilia Curae; Duis faucibus accumsan odio. Curabitur convallis. Duis consequat dui nec nisi volutpat eleifend. Don','img/store.png','https://shop-pro.jp'),('Dicki, Kuphal and Lueilwitz','rolande.spickerman@spickerman.com','Lorem ipsum dolor sit amet, consectetuer adipiscing elit. Proin risus. Praesent lectus. Vestibulum quam sapien, varius ut, blandit non, interdum in, ante. Vestibulum ante ipsum primis in faucibus orci luctus et ultrices posuere cubilia Curae; Duis faucibu','img/store.png','https://woothemes.com'),('Douglas-Fritsch','erick.ferencz@aol.com','Duis ac nibh. Fusce lacus purus, aliquet at, feugiat non, pretium quis, lectus. Suspendisse potenti. In eleifend quam a odio. In hac habitasse platea dictumst. Maecenas ut massa quis augue luctus tincidunt. Nulla mollis molestie lorem. Quisque ut erat. Cu','img/store.png','https://liveinternet.ru'),('DuBuque Inc','rpapasergi@cox.net','Ut tellus. Nulla ut erat id mauris vulputate elementum. Nullam varius. Nulla facilisi. Cras non velit nec nisi vulputate nonummy. Maecenas tincidunt lacus at velit. Vivamus vel nulla eget eros elementum pellentesque. Quisque porta volutpat erat. Quisque e','img/store.png','http://rambler.ru'),('Ebert, Pollich and Kihn','bfigeroa@aol.com','Morbi sem mauris, laoreet ut, rhoncus aliquet, pulvinar sed, nisl. Nunc rhoncus dui vel sem. Sed sagittis. Nam congue, risus semper porta volutpat, quam pede lobortis ligula, sit amet eleifend pede libero quis orci. Nullam molestie nibh in lectus. Pellent','img/store.png','http://ustream.tv'),('Effertz-Zulauf','cheryl@haroldson.org','Maecenas ut massa quis augue luctus tincidunt. Nulla mollis molestie lorem. Quisque ut erat. Curabitur gravida nisi at nibh. In hac habitasse platea dictumst. Aliquam augue quam, sollicitudin vitae, consectetuer eget, rutrum at, lorem. Integer tincidunt a','img/store.png','https://bloglovin.com'),('Emard, Zemlak and Price','sheridan.zane@zane.com','Morbi odio odio, elementum eu, interdum eu, tincidunt in, leo. Maecenas pulvinar lobortis est. Phasellus sit amet erat. Nulla tempus. Vivamus in felis eu sapien cursus vestibulum. Proin eu mi. Nulla ac enim. In tempor, turpis nec euismod scelerisque, quam','img/store.png','https://lycos.com'),('Ernser LLC','marti.maybury@yahoo.com','Integer a nibh. In quis justo. Maecenas rhoncus aliquam lacus. Morbi quis tortor id nulla ultrices aliquet. Maecenas leo odio, condimentum id, luctus nec, molestie sed, justo. Pellentesque viverra pede ac diam. Cras pellentesque volutpat dui. Maecenas tri','img/store.png','http://hugedomains.com'),('Fadel, Grant and Schulist','larae_gudroe@gmail.com','Suspendisse ornare consequat lectus. In est risus, auctor sed, tristique in, tempus sit amet, sem. Fusce consequat. Nulla nisl. Nunc nisl. Duis bibendum, felis sed interdum venenatis, turpis enim blandit mi, in porttitor pede justo eu massa. Donec dapibus','img/store.png','https://tamu.edu'),('Farrell Inc','deeanna_juhas@gmail.com','Integer pede justo, lacinia eget, tincidunt eget, tempus vel, pede. Morbi porttitor lorem id ligula. Suspendisse ornare consequat lectus. In est risus, auctor sed, tristique in, tempus sit amet, sem. Fusce consequat. Nulla nisl. Nunc nisl. Duis bibendum, ','img/store.png','https://un.org'),('Frami-Sanford','devora_perez@perez.org','In blandit ultrices enim. Lorem ipsum dolor sit amet, consectetuer adipiscing elit. Proin interdum mauris non ligula pellentesque ultrices. Phasellus id sapien in sapien iaculis congue. Vivamus metus arcu, adipiscing molestie, hendrerit at, vulputate vita','img/store.png','https://utexas.edu'),('Funk, Kozey and Rogahn','jamal@vanausdal.org','Morbi quis tortor id nulla ultrices aliquet. Maecenas leo odio, condimentum id, luctus nec, molestie sed, justo. Pellentesque viverra pede ac diam. Cras pellentesque volutpat dui. Maecenas tristique, est et tempus semper, est quam pharetra magna, ac conse','img/store.png','http://example.com'),('Funk-Abbott','lindsey.dilello@hotmail.com','Nunc nisl. Duis bibendum, felis sed interdum venenatis, turpis enim blandit mi, in porttitor pede justo eu massa. Donec dapibus. Duis at velit eu est congue elementum. In hac habitasse platea dictumst. Morbi vestibulum, velit id pretium iaculis, diam erat','img/store.png','https://statcounter.com'),('Gaylord-Denesik','kerry.theodorov@gmail.com','Morbi vestibulum, velit id pretium iaculis, diam erat fermentum justo, nec condimentum neque sapien placerat ante. Nulla justo. Aliquam quis turpis eget elit sodales scelerisque. Mauris sit amet eros. Suspendisse accumsan tortor quis turpis. Sed ante. Viv','img/store.png','http://prweb.com'),('Gleason, Hahn and Senger','stephaine@cox.net','Proin at turpis a pede posuere nonummy. Integer non velit. Donec diam neque, vestibulum eget, vulputate ut, ultrices vel, augue. Vestibulum ante ipsum primis in faucibus orci luctus et ultrices posuere cubilia Curae; Donec pharetra, magna vestibulum aliqu','img/store.png','https://cisco.com'),('Glover-Nader','talia_riopelle@aol.com','Fusce congue, diam id ornare imperdiet, sapien urna pretium nisl, ut volutpat sapien arcu sed augue. Aliquam erat volutpat. In congue. Etiam justo. Etiam pretium iaculis justo. In hac habitasse platea dictumst. Etiam faucibus cursus urna. Ut tellus. Nulla','img/store.png','https://nature.com'),('Goldner LLC','emiceli@miceli.org','Praesent id massa id nisl venenatis lacinia. Aenean sit amet justo. Morbi ut odio. Cras mi pede, malesuada in, imperdiet et, commodo vulputate, justo. In blandit ultrices enim. Lorem ipsum dolor sit amet, consectetuer adipiscing elit. Proin interdum mauri','img/store.png','http://bizjournals.com'),('Goodwin, Braun and Douglas','lmerced@gmail.com','Phasellus sit amet erat. Nulla tempus. Vivamus in felis eu sapien cursus vestibulum. Proin eu mi. Nulla ac enim. In tempor, turpis nec euismod scelerisque, quam turpis adipiscing lorem, vitae mattis nibh ligula nec sem. Duis aliquam convallis nunc. Proin ','img/store.png','https://spiegel.de'),('Gorczany and Sons','malinda.hochard@yahoo.com','Fusce congue, diam id ornare imperdiet, sapien urna pretium nisl, ut volutpat sapien arcu sed augue. Aliquam erat volutpat. In congue. Etiam justo. Etiam pretium iaculis justo. In hac habitasse platea dictumst. Etiam faucibus cursus urna. Ut tellus. Nulla','img/store.png','http://slashdot.org'),('Gottlieb, Sanford and Weber','scarlet.cartan@yahoo.com','Cum sociis natoque penatibus et magnis dis parturient montes, nascetur ridiculus mus. Etiam vel augue. Vestibulum rutrum rutrum neque. Aenean auctor gravida sem. Praesent id massa id nisl venenatis lacinia. Aenean sit amet justo. Morbi ut odio. Cras mi pe','img/store.png','http://scientificamerican.com'),('Grady, Stoltenberg and Schroeder','louisa@cronauer.com','Suspendisse potenti. In eleifend quam a odio. In hac habitasse platea dictumst. Maecenas ut massa quis augue luctus tincidunt. Nulla mollis molestie lorem. Quisque ut erat. Curabitur gravida nisi at nibh. In hac habitasse platea dictumst. Aliquam augue qu','img/store.png','https://acquirethisname.com'),('Grant, Rohan and Kihn','chanel.caudy@caudy.org','Duis bibendum, felis sed interdum venenatis, turpis enim blandit mi, in porttitor pede justo eu massa. Donec dapibus. Duis at velit eu est congue elementum. In hac habitasse platea dictumst. Morbi vestibulum, velit id pretium iaculis, diam erat fermentum ','img/store.png','http://wiley.com'),('Greenholt, Armstrong and Altenwerth','micaela_rhymes@gmail.com','Mauris lacinia sapien quis libero. Nullam sit amet turpis elementum ligula vehicula consequat. Morbi a ipsum. Integer a nibh. In quis justo. Maecenas rhoncus aliquam lacus. Morbi quis tortor id nulla ultrices aliquet. Maecenas leo odio, condimentum id, lu','img/store.png','https://nydailynews.com'),('Gusikowski, Bode and Wiegand','sylvia_cousey@cousey.org','Vivamus in felis eu sapien cursus vestibulum. Proin eu mi. Nulla ac enim. In tempor, turpis nec euismod scelerisque, quam turpis adipiscing lorem, vitae mattis nibh ligula nec sem. Duis aliquam convallis nunc. Proin at turpis a pede posuere nonummy. Integ','img/store.png','https://php.net'),('Haag-Dicki','nana@aol.com','In eleifend quam a odio. In hac habitasse platea dictumst. Maecenas ut massa quis augue luctus tincidunt. Nulla mollis molestie lorem. Quisque ut erat. Curabitur gravida nisi at nibh. In hac habitasse platea dictumst. Aliquam augue quam, sollicitudin vita','img/store.png','http://bizjournals.com'),('Haag-Larkin','natalie.fern@hotmail.com','Cras mi pede, malesuada in, imperdiet et, commodo vulputate, justo. In blandit ultrices enim. Lorem ipsum dolor sit amet, consectetuer adipiscing elit. Proin interdum mauris non ligula pellentesque ultrices. Phasellus id sapien in sapien iaculis congue. V','img/store.png','http://columbia.edu'),('Hackett LLC','jbrideau@aol.com','Sed sagittis. Nam congue, risus semper porta volutpat, quam pede lobortis ligula, sit amet eleifend pede libero quis orci. Nullam molestie nibh in lectus. Pellentesque at nulla. Suspendisse potenti. Cras in purus eu magna vulputate luctus. Cum sociis nato','img/store.png','http://artisteer.com'),('Hahn-Hodkiewicz','sabra@uyetake.org','Cum sociis natoque penatibus et magnis dis parturient montes, nascetur ridiculus mus. Etiam vel augue. Vestibulum rutrum rutrum neque. Aenean auctor gravida sem. Praesent id massa id nisl venenatis lacinia. Aenean sit amet justo. Morbi ut odio. Cras mi pe','img/store.png','https://goodreads.com'),('Hamill-Romaguera','willard@hotmail.com','Morbi sem mauris, laoreet ut, rhoncus aliquet, pulvinar sed, nisl. Nunc rhoncus dui vel sem. Sed sagittis. Nam congue, risus semper porta volutpat, quam pede lobortis ligula, sit amet eleifend pede libero quis orci. Nullam molestie nibh in lectus. Pellent','img/store.png','http://virginia.edu'),('Hamill-Wintheiser','kris@gmail.com','Pellentesque at nulla. Suspendisse potenti. Cras in purus eu magna vulputate luctus. Cum sociis natoque penatibus et magnis dis parturient montes, nascetur ridiculus mus. Vivamus vestibulum sagittis sapien. Cum sociis natoque penatibus et magnis dis partu','img/store.png','http://wsj.com'),('Hammes, Cronin and Fay','alisha@slusarski.com','Morbi a ipsum. Integer a nibh. In quis justo. Maecenas rhoncus aliquam lacus. Morbi quis tortor id nulla ultrices aliquet. Maecenas leo odio, condimentum id, luctus nec, molestie sed, justo. Pellentesque viverra pede ac diam. Cras pellentesque volutpat du','img/store.png','https://si.edu'),('Hammes-Conn','dhidvegi@yahoo.com','Pellentesque eget nunc. Donec quis orci eget orci vehicula condimentum. Curabitur in libero ut massa volutpat convallis. Morbi odio odio, elementum eu, interdum eu, tincidunt in, leo. Maecenas pulvinar lobortis est. Phasellus sit amet erat. Nulla tempus. ','img/store.png','http://devhub.com'),('Hauck, Wuckert and Kutch','chantell@yahoo.com','Pellentesque eget nunc. Donec quis orci eget orci vehicula condimentum. Curabitur in libero ut massa volutpat convallis. Morbi odio odio, elementum eu, interdum eu, tincidunt in, leo. Maecenas pulvinar lobortis est. Phasellus sit amet erat. Nulla tempus. ','img/store.png','https://bravesites.com'),('Heaney, Wisozk and Walker','carissa.batman@yahoo.com','Cum sociis natoque penatibus et magnis dis parturient montes, nascetur ridiculus mus. Vivamus vestibulum sagittis sapien. Cum sociis natoque penatibus et magnis dis parturient montes, nascetur ridiculus mus. Etiam vel augue. Vestibulum rutrum rutrum neque','img/store.png','http://people.com.cn'),('Heathcote and Sons','kimbery_madarang@cox.net','In hac habitasse platea dictumst. Etiam faucibus cursus urna. Ut tellus. Nulla ut erat id mauris vulputate elementum. Nullam varius. Nulla facilisi. Cras non velit nec nisi vulputate nonummy. Maecenas tincidunt lacus at velit. Vivamus vel nulla eget eros ','img/store.png','http://loc.gov'),('Heidenreich-Feest','tamar@hotmail.com','Suspendisse accumsan tortor quis turpis. Sed ante. Vivamus tortor. Duis mattis egestas metus. Aenean fermentum. Donec ut mauris eget massa tempor convallis. Nulla neque libero, convallis eget, eleifend luctus, ultricies eu, nibh. Quisque id justo sit amet','img/store.png','https://marriott.com'),('Heller, Ortiz and Windler','leota@hotmail.com','Morbi odio odio, elementum eu, interdum eu, tincidunt in, leo. Maecenas pulvinar lobortis est. Phasellus sit amet erat. Nulla tempus. Vivamus in felis eu sapien cursus vestibulum. Proin eu mi. Nulla ac enim. In tempor, turpis nec euismod scelerisque, quam','img/store.png','https://kickstarter.com'),('Herman-Mayert','twana.felger@felger.org','Nulla mollis molestie lorem. Quisque ut erat. Curabitur gravida nisi at nibh. In hac habitasse platea dictumst. Aliquam augue quam, sollicitudin vitae, consectetuer eget, rutrum at, lorem. Integer tincidunt ante vel ipsum. Praesent blandit lacinia erat. V','img/store.png','https://chicagotribune.com'),('Hettinger, Beer and Simonis','gruta@cox.net','Integer tincidunt ante vel ipsum. Praesent blandit lacinia erat. Vestibulum sed magna at nunc commodo placerat. Praesent blandit. Nam nulla. Integer pede justo, lacinia eget, tincidunt eget, tempus vel, pede. Morbi porttitor lorem id ligula. Suspendisse o','img/store.png','http://reuters.com'),('Hilll Group','timothy_mulqueen@mulqueen.org','Integer tincidunt ante vel ipsum. Praesent blandit lacinia erat. Vestibulum sed magna at nunc commodo placerat. Praesent blandit. Nam nulla. Integer pede justo, lacinia eget, tincidunt eget, tempus vel, pede. Morbi porttitor lorem id ligula. Suspendisse o','img/store.png','https://elegantthemes.com'),('Hilll Inc','brhym@rhym.com','Praesent lectus. Vestibulum quam sapien, varius ut, blandit non, interdum in, ante. Vestibulum ante ipsum primis in faucibus orci luctus et ultrices posuere cubilia Curae; Duis faucibus accumsan odio. Curabitur convallis. Duis consequat dui nec nisi volut','img/store.png','https://columbia.edu'),('Hirthe-Nienow','tshields@gmail.com','Aenean auctor gravida sem. Praesent id massa id nisl venenatis lacinia. Aenean sit amet justo. Morbi ut odio. Cras mi pede, malesuada in, imperdiet et, commodo vulputate, justo. In blandit ultrices enim. Lorem ipsum dolor sit amet, consectetuer adipiscing','img/store.png','https://ovh.net'),('Hoppe LLC','amaclead@gmail.com','Vestibulum rutrum rutrum neque. Aenean auctor gravida sem. Praesent id massa id nisl venenatis lacinia. Aenean sit amet justo. Morbi ut odio. Cras mi pede, malesuada in, imperdiet et, commodo vulputate, justo. In blandit ultrices enim. Lorem ipsum dolor s','img/store.png','https://google.co.uk'),('Hoppe, Donnelly and Langworth','bulah_padilla@hotmail.com','In blandit ultrices enim. Lorem ipsum dolor sit amet, consectetuer adipiscing elit. Proin interdum mauris non ligula pellentesque ultrices. Phasellus id sapien in sapien iaculis congue. Vivamus metus arcu, adipiscing molestie, hendrerit at, vulputate vita','img/store.png','http://oakley.com'),('Howe-Yost','ezekiel@chui.com','Ut tellus. Nulla ut erat id mauris vulputate elementum. Nullam varius. Nulla facilisi. Cras non velit nec nisi vulputate nonummy. Maecenas tincidunt lacus at velit. Vivamus vel nulla eget eros elementum pellentesque. Quisque porta volutpat erat. Quisque e','img/store.png','https://g.co'),('Hyatt-Trantow','jfallick@yahoo.com','Donec diam neque, vestibulum eget, vulputate ut, ultrices vel, augue. Vestibulum ante ipsum primis in faucibus orci luctus et ultrices posuere cubilia Curae; Donec pharetra, magna vestibulum aliquet ultrices, erat tortor sollicitudin mi, sit amet lobortis','img/store.png','https://miitbeian.gov.cn'),('Jacobs and Sons','thurman.manno@yahoo.com','Morbi odio odio, elementum eu, interdum eu, tincidunt in, leo. Maecenas pulvinar lobortis est. Phasellus sit amet erat. Nulla tempus. Vivamus in felis eu sapien cursus vestibulum. Proin eu mi. Nulla ac enim. In tempor, turpis nec euismod scelerisque, quam','img/store.png','http://wordpress.com'),('Jacobson and Sons','kati.rulapaugh@hotmail.com','Morbi a ipsum. Integer a nibh. In quis justo. Maecenas rhoncus aliquam lacus. Morbi quis tortor id nulla ultrices aliquet. Maecenas leo odio, condimentum id, luctus nec, molestie sed, justo. Pellentesque viverra pede ac diam. Cras pellentesque volutpat du','img/store.png','https://comsenz.com'),('Johns, Kunde and Hahn','lucina_lary@cox.net','Integer tincidunt ante vel ipsum. Praesent blandit lacinia erat. Vestibulum sed magna at nunc commodo placerat. Praesent blandit. Nam nulla. Integer pede justo, lacinia eget, tincidunt eget, tempus vel, pede. Morbi porttitor lorem id ligula. Suspendisse o','img/store.png','https://sfgate.com'),('Johnston-Schimmel','oretha_menter@yahoo.com','Morbi a ipsum. Integer a nibh. In quis justo. Maecenas rhoncus aliquam lacus. Morbi quis tortor id nulla ultrices aliquet. Maecenas leo odio, condimentum id, luctus nec, molestie sed, justo. Pellentesque viverra pede ac diam. Cras pellentesque volutpat du','img/store.png','http://epa.gov'),('Kautzer and Sons','kanisha_waycott@yahoo.com','In hac habitasse platea dictumst. Aliquam augue quam, sollicitudin vitae, consectetuer eget, rutrum at, lorem. Integer tincidunt ante vel ipsum. Praesent blandit lacinia erat. Vestibulum sed magna at nunc commodo placerat. Praesent blandit. Nam nulla. Int','img/store.png','https://europa.eu'),('Keebler LLC','elly_morocco@gmail.com','Duis aliquam convallis nunc. Proin at turpis a pede posuere nonummy. Integer non velit. Donec diam neque, vestibulum eget, vulputate ut, ultrices vel, augue. Vestibulum ante ipsum primis in faucibus orci luctus et ultrices posuere cubilia Curae; Donec pha','img/store.png','http://joomla.org'),('Keebler LLCY','lhagele@cox.net','In hac habitasse platea dictumst. Aliquam augue quam, sollicitudin vitae, consectetuer eget, rutrum at, lorem. Integer tincidunt ante vel ipsum. Praesent blandit lacinia erat. Vestibulum sed magna at nunc commodo placerat. Praesent blandit. Nam nulla. Int','img/store.png','https://cyberchimps.com'),('Kertzmann-Grant','tawna@gmail.com','Nam congue, risus semper porta volutpat, quam pede lobortis ligula, sit amet eleifend pede libero quis orci. Nullam molestie nibh in lectus. Pellentesque at nulla. Suspendisse potenti. Cras in purus eu magna vulputate luctus. Cum sociis natoque penatibus ','img/store.png','http://1688.com'),('Koch-Swaniawski','nieves_gotter@gmail.com','In blandit ultrices enim. Lorem ipsum dolor sit amet, consectetuer adipiscing elit. Proin interdum mauris non ligula pellentesque ultrices. Phasellus id sapien in sapien iaculis congue. Vivamus metus arcu, adipiscing molestie, hendrerit at, vulputate vita','img/store.png','https://amazonaws.com'),('Koepp Group','elvera.benimadho@cox.net','Praesent blandit. Nam nulla. Integer pede justo, lacinia eget, tincidunt eget, tempus vel, pede. Morbi porttitor lorem id ligula. Suspendisse ornare consequat lectus. In est risus, auctor sed, tristique in, tempus sit amet, sem. Fusce consequat. Nulla nis','img/store.png','http://cdbaby.com'),('Konopelski, Green and O\'Reilly','jhanafan@gmail.com','In eleifend quam a odio. In hac habitasse platea dictumst. Maecenas ut massa quis augue luctus tincidunt. Nulla mollis molestie lorem. Quisque ut erat. Curabitur gravida nisi at nibh. In hac habitasse platea dictumst. Aliquam augue quam, sollicitudin vita','img/store.png','https://homestead.com'),('Koss and Sons','bette_nicka@cox.net','Nulla neque libero, convallis eget, eleifend luctus, ultricies eu, nibh. Quisque id justo sit amet sapien dignissim vestibulum. Vestibulum ante ipsum primis in faucibus orci luctus et ultrices posuere cubilia Curae; Nulla dapibus dolor vel est. Donec odio','img/store.png','https://usatoday.com'),('Krajcik-Kessler','gmontezuma@cox.net','Vestibulum sed magna at nunc commodo placerat. Praesent blandit. Nam nulla. Integer pede justo, lacinia eget, tincidunt eget, tempus vel, pede. Morbi porttitor lorem id ligula. Suspendisse ornare consequat lectus. In est risus, auctor sed, tristique in, t','img/store.png','http://imageshack.us'),('Kris-Nitzsche','xuan@gmail.com','Phasellus sit amet erat. Nulla tempus. Vivamus in felis eu sapien cursus vestibulum. Proin eu mi. Nulla ac enim. In tempor, turpis nec euismod scelerisque, quam turpis adipiscing lorem, vitae mattis nibh ligula nec sem. Duis aliquam convallis nunc. Proin ','img/store.png','https://pbs.org'),('Kshlerin, Hills and Walsh','meaghan@hotmail.com','Aliquam erat volutpat. In congue. Etiam justo. Etiam pretium iaculis justo. In hac habitasse platea dictumst. Etiam faucibus cursus urna. Ut tellus. Nulla ut erat id mauris vulputate elementum. Nullam varius. Nulla facilisi.','img/store.png','https://edublogs.org'),('Kuhic, Wilderman and Fadel','layla.springe@cox.net','Morbi non lectus. Aliquam sit amet diam in magna bibendum imperdiet. Nullam orci pede, venenatis non, sodales sed, tincidunt eu, felis. Fusce posuere felis sed lacus. Morbi sem mauris, laoreet ut, rhoncus aliquet, pulvinar sed, nisl. Nunc rhoncus dui vel ','img/store.png','http://bigcartel.com'),('Kuhlman Group','fsaylors@saylors.org','Vestibulum ante ipsum primis in faucibus orci luctus et ultrices posuere cubilia Curae; Mauris viverra diam vitae quam. Suspendisse potenti. Nullam porttitor lacus at turpis. Donec posuere metus vitae ipsum. Aliquam non mauris. Morbi non lectus. Aliquam s','img/store.png','https://dion.ne.jp'),('Kuhn, Douglas and Cummerata','van.shire@shire.com','In hac habitasse platea dictumst. Maecenas ut massa quis augue luctus tincidunt. Nulla mollis molestie lorem. Quisque ut erat. Curabitur gravida nisi at nibh. In hac habitasse platea dictumst. Aliquam augue quam, sollicitudin vitae, consectetuer eget, rut','img/store.png','http://mediafire.com'),('Kutch-Mohr','mattie@aol.com','Curabitur convallis. Duis consequat dui nec nisi volutpat eleifend. Donec ut dolor. Morbi vel lectus in quam fringilla rhoncus. Mauris enim leo, rhoncus sed, vestibulum sit amet, cursus id, turpis. Integer aliquet, massa id lobortis convallis, tortor risu','img/store.png','https://chron.com'),('Langosh-Volkman','twardrip@cox.net','Suspendisse potenti. In eleifend quam a odio. In hac habitasse platea dictumst. Maecenas ut massa quis augue luctus tincidunt. Nulla mollis molestie lorem. Quisque ut erat. Curabitur gravida nisi at nibh. In hac habitasse platea dictumst. Aliquam augue qu','img/store.png','http://ucla.edu'),('Larson, Kling and Kuphal','benton.skursky@aol.com','Donec ut dolor. Morbi vel lectus in quam fringilla rhoncus. Mauris enim leo, rhoncus sed, vestibulum sit amet, cursus id, turpis. Integer aliquet, massa id lobortis convallis, tortor risus dapibus augue, vel accumsan tellus nisi eu orci. Mauris lacinia sa','img/store.png','http://washingtonpost.com'),('Lebsack, Schuppe and Christiansen','lnestle@hotmail.com','Aliquam augue quam, sollicitudin vitae, consectetuer eget, rutrum at, lorem. Integer tincidunt ante vel ipsum. Praesent blandit lacinia erat. Vestibulum sed magna at nunc commodo placerat. Praesent blandit. Nam nulla. Integer pede justo, lacinia eget, tin','img/store.png','http://bing.com'),('Ledner and Sons','lizette.stem@aol.com','Vivamus vestibulum sagittis sapien. Cum sociis natoque penatibus et magnis dis parturient montes, nascetur ridiculus mus. Etiam vel augue. Vestibulum rutrum rutrum neque. Aenean auctor gravida sem. Praesent id massa id nisl venenatis lacinia. Aenean sit a','img/store.png','https://msn.com'),('Legros-Hoppe','wilda@cox.net','Nulla tempus. Vivamus in felis eu sapien cursus vestibulum. Proin eu mi. Nulla ac enim. In tempor, turpis nec euismod scelerisque, quam turpis adipiscing lorem, vitae mattis nibh ligula nec sem. Duis aliquam convallis nunc. Proin at turpis a pede posuere ','img/store.png','http://nytimes.com'),('Lesch-Dickens','gkulzer@kulzer.org','In hac habitasse platea dictumst. Etiam faucibus cursus urna. Ut tellus. Nulla ut erat id mauris vulputate elementum. Nullam varius. Nulla facilisi. Cras non velit nec nisi vulputate nonummy. Maecenas tincidunt lacus at velit. Vivamus vel nulla eget eros ','img/store.png','https://g.co'),('Leuschke, Wunsch and Schiller','rosio.cork@gmail.com','Curabitur convallis. Duis consequat dui nec nisi volutpat eleifend. Donec ut dolor. Morbi vel lectus in quam fringilla rhoncus. Mauris enim leo, rhoncus sed, vestibulum sit amet, cursus id, turpis. Integer aliquet, massa id lobortis convallis, tortor risu','img/store.png','http://weebly.com'),('Lindgren-Keeling','ckorando@hotmail.com','Etiam justo. Etiam pretium iaculis justo. In hac habitasse platea dictumst. Etiam faucibus cursus urna. Ut tellus. Nulla ut erat id mauris vulputate elementum. Nullam varius. Nulla facilisi. Cras non velit nec nisi vulputate nonummy. Maecenas tincidunt la','img/store.png','http://telegraph.co.uk'),('Lowe-McCullough','devorah@hotmail.com','Cum sociis natoque penatibus et magnis dis parturient montes, nascetur ridiculus mus. Vivamus vestibulum sagittis sapien. Cum sociis natoque penatibus et magnis dis parturient montes, nascetur ridiculus mus. Etiam vel augue. Vestibulum rutrum rutrum neque','img/store.png','https://privacy.gov.au'),('Lynch, Muller and Ward','mmastella@mastella.com','Curabitur convallis. Duis consequat dui nec nisi volutpat eleifend. Donec ut dolor. Morbi vel lectus in quam fringilla rhoncus. Mauris enim leo, rhoncus sed, vestibulum sit amet, cursus id, turpis. Integer aliquet, massa id lobortis convallis, tortor risu','img/store.png','https://vistaprint.com'),('Macejkovic Group','kiley.caldarera@aol.com','Nam congue, risus semper porta volutpat, quam pede lobortis ligula, sit amet eleifend pede libero quis orci. Nullam molestie nibh in lectus. Pellentesque at nulla. Suspendisse potenti. Cras in purus eu magna vulputate luctus. Cum sociis natoque penatibus ','img/store.png','https://un.org'),('Maggio LLC','dyum@yahoo.com','Vivamus vestibulum sagittis sapien. Cum sociis natoque penatibus et magnis dis parturient montes, nascetur ridiculus mus. Etiam vel augue. Vestibulum rutrum rutrum neque. Aenean auctor gravida sem. Praesent id massa id nisl venenatis lacinia. Aenean sit a','img/store.png','http://irs.gov'),('Mante LLC','mknipp@gmail.com','Donec ut mauris eget massa tempor convallis. Nulla neque libero, convallis eget, eleifend luctus, ultricies eu, nibh. Quisque id justo sit amet sapien dignissim vestibulum. Vestibulum ante ipsum primis in faucibus orci luctus et ultrices posuere cubilia C','img/store.png','https://shutterfly.com'),('Marks Group','ammie@corrio.com','Integer pede justo, lacinia eget, tincidunt eget, tempus vel, pede. Morbi porttitor lorem id ligula. Suspendisse ornare consequat lectus. In est risus, auctor sed, tristique in, tempus sit amet, sem. Fusce consequat. Nulla nisl. Nunc nisl. Duis bibendum, ','img/store.png','http://vkontakte.ru'),('Marvin Group','youlanda@aol.com','Aliquam augue quam, sollicitudin vitae, consectetuer eget, rutrum at, lorem. Integer tincidunt ante vel ipsum. Praesent blandit lacinia erat. Vestibulum sed magna at nunc commodo placerat. Praesent blandit. Nam nulla. Integer pede justo, lacinia eget, tin','img/store.png','http://creativecommons.org'),('McCullough, Howell and Ondricka','vklimek@klimek.org','Vivamus vestibulum sagittis sapien. Cum sociis natoque penatibus et magnis dis parturient montes, nascetur ridiculus mus. Etiam vel augue. Vestibulum rutrum rutrum neque. Aenean auctor gravida sem. Praesent id massa id nisl venenatis lacinia. Aenean sit a','img/store.png','http://google.fr'),('Mertz, Schneider and Johnston','wkusko@yahoo.com','Vivamus vestibulum sagittis sapien. Cum sociis natoque penatibus et magnis dis parturient montes, nascetur ridiculus mus. Etiam vel augue. Vestibulum rutrum rutrum neque. Aenean auctor gravida sem. Praesent id massa id nisl venenatis lacinia. Aenean sit a','img/store.png','http://cargocollective.com'),('Moen, Hoeger and Bernier','cecily@hollack.org','Proin eu mi. Nulla ac enim. In tempor, turpis nec euismod scelerisque, quam turpis adipiscing lorem, vitae mattis nibh ligula nec sem. Duis aliquam convallis nunc. Proin at turpis a pede posuere nonummy. Integer non velit. Donec diam neque, vestibulum ege','img/store.png','http://digg.com'),('Moen-Larson','chau@gmail.com','Cras in purus eu magna vulputate luctus. Cum sociis natoque penatibus et magnis dis parturient montes, nascetur ridiculus mus. Vivamus vestibulum sagittis sapien. Cum sociis natoque penatibus et magnis dis parturient montes, nascetur ridiculus mus. Etiam ','img/store.png','https://macromedia.com'),('Monahan Inc','roxane@hotmail.com','Nulla tellus. In sagittis dui vel nisl. Duis ac nibh. Fusce lacus purus, aliquet at, feugiat non, pretium quis, lectus. Suspendisse potenti. In eleifend quam a odio. In hac habitasse platea dictumst. Maecenas ut massa quis augue luctus tincidunt. Nulla mo','img/store.png','https://topsy.com'),('Moore and Sons','arlene_klusman@gmail.com','Vestibulum ante ipsum primis in faucibus orci luctus et ultrices posuere cubilia Curae; Donec pharetra, magna vestibulum aliquet ultrices, erat tortor sollicitudin mi, sit amet lobortis sapien sapien non mi. Integer ac neque. Duis bibendum. Morbi non quam','img/store.png','http://state.tx.us'),('Morar-Considine','bbolognia@yahoo.com','Vestibulum ante ipsum primis in faucibus orci luctus et ultrices posuere cubilia Curae; Mauris viverra diam vitae quam. Suspendisse potenti. Nullam porttitor lacus at turpis. Donec posuere metus vitae ipsum. Aliquam non mauris. Morbi non lectus. Aliquam s','img/store.png','http://cam.ac.uk'),('Morar-Ebert','audra@kohnert.com','Vestibulum rutrum rutrum neque. Aenean auctor gravida sem. Praesent id massa id nisl venenatis lacinia. Aenean sit amet justo. Morbi ut odio. Cras mi pede, malesuada in, imperdiet et, commodo vulputate, justo. In blandit ultrices enim. Lorem ipsum dolor s','img/store.png','http://cbsnews.com'),('Morar-Satterfield','francine_vocelka@vocelka.com','Morbi porttitor lorem id ligula. Suspendisse ornare consequat lectus. In est risus, auctor sed, tristique in, tempus sit amet, sem. Fusce consequat. Nulla nisl. Nunc nisl. Duis bibendum, felis sed interdum venenatis, turpis enim blandit mi, in porttitor p','img/store.png','http://sakura.ne.jp'),('Mraz-Dicki','bok.isaacs@aol.com','Duis at velit eu est congue elementum. In hac habitasse platea dictumst. Morbi vestibulum, velit id pretium iaculis, diam erat fermentum justo, nec condimentum neque sapien placerat ante. Nulla justo. Aliquam quis turpis eget elit sodales scelerisque. Mau','img/store.png','http://usa.gov'),('Murazik-Howe','claribel_varriano@cox.net','In est risus, auctor sed, tristique in, tempus sit amet, sem. Fusce consequat. Nulla nisl. Nunc nisl. Duis bibendum, felis sed interdum venenatis, turpis enim blandit mi, in porttitor pede justo eu massa. Donec dapibus. Duis at velit eu est congue element','img/store.png','https://xing.com'),('Nolan LLC','cdeleo@deleo.com','Lorem ipsum dolor sit amet, consectetuer adipiscing elit. Proin interdum mauris non ligula pellentesque ultrices. Phasellus id sapien in sapien iaculis congue. Vivamus metus arcu, adipiscing molestie, hendrerit at, vulputate vitae, nisl. Aenean lectus. Pe','img/store.png','https://blogs.com'),('O\'Hara and Sons','melissa@cox.net','Duis at velit eu est congue elementum. In hac habitasse platea dictumst. Morbi vestibulum, velit id pretium iaculis, diam erat fermentum justo, nec condimentum neque sapien placerat ante. Nulla justo. Aliquam quis turpis eget elit sodales scelerisque. Mau','img/store.png','http://nytimes.com'),('O\'Keefe LLC','becky.mirafuentes@mirafuentes.com','In blandit ultrices enim. Lorem ipsum dolor sit amet, consectetuer adipiscing elit. Proin interdum mauris non ligula pellentesque ultrices. Phasellus id sapien in sapien iaculis congue. Vivamus metus arcu, adipiscing molestie, hendrerit at, vulputate vita','img/store.png','http://eepurl.com'),('O\'Keefe LLCQ','marguerita.hiatt@gmail.com','Vivamus tortor. Duis mattis egestas metus. Aenean fermentum. Donec ut mauris eget massa tempor convallis. Nulla neque libero, convallis eget, eleifend luctus, ultricies eu, nibh. Quisque id justo sit amet sapien dignissim vestibulum. Vestibulum ante ipsum','img/store.png','https://tripod.com'),('O\'Reilly-Weissnat','angella.cetta@hotmail.com','Donec diam neque, vestibulum eget, vulputate ut, ultrices vel, augue. Vestibulum ante ipsum primis in faucibus orci luctus et ultrices posuere cubilia Curae; Donec pharetra, magna vestibulum aliquet ultrices, erat tortor sollicitudin mi, sit amet lobortis','img/store.png','http://shop-pro.jp'),('Oberbrunner-Cummerata','carma@cox.net','Integer non velit. Donec diam neque, vestibulum eget, vulputate ut, ultrices vel, augue. Vestibulum ante ipsum primis in faucibus orci luctus et ultrices posuere cubilia Curae; Donec pharetra, magna vestibulum aliquet ultrices, erat tortor sollicitudin mi','img/store.png','http://imageshack.us'),('Ondricka, Renner and Hane','cgoldammer@cox.net','Duis ac nibh. Fusce lacus purus, aliquet at, feugiat non, pretium quis, lectus. Suspendisse potenti. In eleifend quam a odio. In hac habitasse platea dictumst. Maecenas ut massa quis augue luctus tincidunt. Nulla mollis molestie lorem. Quisque ut erat. Cu','img/store.png','http://chron.com'),('Orn and Sons','jina_briddick@briddick.com','Cras pellentesque volutpat dui. Maecenas tristique, est et tempus semper, est quam pharetra magna, ac consequat metus sapien ut nunc. Vestibulum ante ipsum primis in faucibus orci luctus et ultrices posuere cubilia Curae; Mauris viverra diam vitae quam. S','img/store.png','http://guardian.co.uk'),('Parisian LLC','reita.leto@gmail.com','Maecenas ut massa quis augue luctus tincidunt. Nulla mollis molestie lorem. Quisque ut erat. Curabitur gravida nisi at nibh. In hac habitasse platea dictumst. Aliquam augue quam, sollicitudin vitae, consectetuer eget, rutrum at, lorem. Integer tincidunt a','img/store.png','https://walmart.com'),('Predovic Inc','danica_bruschke@gmail.com','Nulla ac enim. In tempor, turpis nec euismod scelerisque, quam turpis adipiscing lorem, vitae mattis nibh ligula nec sem. Duis aliquam convallis nunc. Proin at turpis a pede posuere nonummy. Integer non velit. Donec diam neque, vestibulum eget, vulputate ','img/store.png','https://slashdot.org'),('Quigley-Hessel','lperin@perin.org','Nullam orci pede, venenatis non, sodales sed, tincidunt eu, felis. Fusce posuere felis sed lacus. Morbi sem mauris, laoreet ut, rhoncus aliquet, pulvinar sed, nisl. Nunc rhoncus dui vel sem. Sed sagittis. Nam congue, risus semper porta volutpat, quam pede','img/store.png','http://theglobeandmail.com'),('Reichel Inc','belen_strassner@aol.com','Praesent lectus. Vestibulum quam sapien, varius ut, blandit non, interdum in, ante. Vestibulum ante ipsum primis in faucibus orci luctus et ultrices posuere cubilia Curae; Duis faucibus accumsan odio. Curabitur convallis. Duis consequat dui nec nisi volut','img/store.png','http://nature.com'),('Reichel, Labadie and Tremblay','yolando@cox.net','Aenean lectus. Pellentesque eget nunc. Donec quis orci eget orci vehicula condimentum. Curabitur in libero ut massa volutpat convallis. Morbi odio odio, elementum eu, interdum eu, tincidunt in, leo. Maecenas pulvinar lobortis est. Phasellus sit amet erat.','img/store.png','https://harvard.edu'),('Reichert-Prohaska','art@venere.org','Nam dui. Proin leo odio, porttitor id, consequat in, consequat ut, nulla. Sed accumsan felis. Ut at dolor quis odio consequat varius. Integer ac leo. Pellentesque ultrices mattis odio. Donec vitae nisi. Nam ultrices, libero non mattis pulvinar, nulla pede','img/store.png','http://twitter.com'),('Rempel Inc','hillary.skulski@aol.com','In hac habitasse platea dictumst. Morbi vestibulum, velit id pretium iaculis, diam erat fermentum justo, nec condimentum neque sapien placerat ante. Nulla justo. Aliquam quis turpis eget elit sodales scelerisque. Mauris sit amet eros. Suspendisse accumsan','img/store.png','https://phpbb.com'),('Reynolds, Hettinger and Stokes','fletcher.flosi@yahoo.com','Morbi porttitor lorem id ligula. Suspendisse ornare consequat lectus. In est risus, auctor sed, tristique in, tempus sit amet, sem. Fusce consequat. Nulla nisl. Nunc nisl. Duis bibendum, felis sed interdum venenatis, turpis enim blandit mi, in porttitor p','img/store.png','https://cam.ac.uk'),('Rice and Sons','maurine_yglesias@yglesias.com','Cras mi pede, malesuada in, imperdiet et, commodo vulputate, justo. In blandit ultrices enim. Lorem ipsum dolor sit amet, consectetuer adipiscing elit. Proin interdum mauris non ligula pellentesque ultrices. Phasellus id sapien in sapien iaculis congue. V','img/store.png','https://istockphoto.com'),('Robel, Heidenreich and O\'Keefe','stephaine@barfield.com','Vestibulum rutrum rutrum neque. Aenean auctor gravida sem. Praesent id massa id nisl venenatis lacinia. Aenean sit amet justo. Morbi ut odio. Cras mi pede, malesuada in, imperdiet et, commodo vulputate, justo. In blandit ultrices enim. Lorem ipsum dolor s','img/store.png','http://rakuten.co.jp'),('Rolfson LLC','evangelina@aol.com','Vestibulum sed magna at nunc commodo placerat. Praesent blandit. Nam nulla. Integer pede justo, lacinia eget, tincidunt eget, tempus vel, pede. Morbi porttitor lorem id ligula. Suspendisse ornare consequat lectus. In est risus, auctor sed, tristique in, t','img/store.png','https://phoca.cz'),('Roob, Hegmann and Kerluke','arminda@parvis.com','Praesent blandit. Nam nulla. Integer pede justo, lacinia eget, tincidunt eget, tempus vel, pede. Morbi porttitor lorem id ligula. Suspendisse ornare consequat lectus. In est risus, auctor sed, tristique in, tempus sit amet, sem. Fusce consequat. Nulla nis','img/store.png','http://ning.com'),('Rosenbaum, Romaguera and Cruickshank','annabelle.boord@cox.net','Vivamus metus arcu, adipiscing molestie, hendrerit at, vulputate vitae, nisl. Aenean lectus. Pellentesque eget nunc. Donec quis orci eget orci vehicula condimentum. Curabitur in libero ut massa volutpat convallis. Morbi odio odio, elementum eu, interdum e','img/store.png','http://prlog.org'),('Russel-Beatty','tsmith@aol.com','Pellentesque viverra pede ac diam. Cras pellentesque volutpat dui. Maecenas tristique, est et tempus semper, est quam pharetra magna, ac consequat metus sapien ut nunc. Vestibulum ante ipsum primis in faucibus orci luctus et ultrices posuere cubilia Curae','img/store.png','http://ezinearticles.com'),('Russel-Kutch','candida_corbley@hotmail.com','Mauris enim leo, rhoncus sed, vestibulum sit amet, cursus id, turpis. Integer aliquet, massa id lobortis convallis, tortor risus dapibus augue, vel accumsan tellus nisi eu orci. Mauris lacinia sapien quis libero. Nullam sit amet turpis elementum ligula ve','img/store.png','http://google.fr'),('Ryan, Abshire and Bernier','ccookey@cookey.org','Nam congue, risus semper porta volutpat, quam pede lobortis ligula, sit amet eleifend pede libero quis orci. Nullam molestie nibh in lectus. Pellentesque at nulla. Suspendisse potenti. Cras in purus eu magna vulputate luctus. Cum sociis natoque penatibus ','img/store.png','http://cnn.com'),('Sauer, Brakus and Cruickshank','beatriz@yahoo.com','Nullam porttitor lacus at turpis. Donec posuere metus vitae ipsum. Aliquam non mauris. Morbi non lectus. Aliquam sit amet diam in magna bibendum imperdiet. Nullam orci pede, venenatis non, sodales sed, tincidunt eu, felis. Fusce posuere felis sed lacus. M','img/store.png','http://devhub.com'),('Sauer, Christiansen and Powlowski','karl_klonowski@yahoo.com','Proin at turpis a pede posuere nonummy. Integer non velit. Donec diam neque, vestibulum eget, vulputate ut, ultrices vel, augue. Vestibulum ante ipsum primis in faucibus orci luctus et ultrices posuere cubilia Curae; Donec pharetra, magna vestibulum aliqu','img/store.png','https://army.mil'),('Schiller, Cruickshank and Greenfelder','albina@glick.com','Morbi vel lectus in quam fringilla rhoncus. Mauris enim leo, rhoncus sed, vestibulum sit amet, cursus id, turpis. Integer aliquet, massa id lobortis convallis, tortor risus dapibus augue, vel accumsan tellus nisi eu orci. Mauris lacinia sapien quis libero','img/store.png','https://aboutads.info'),('Schmeler Inc','delisa.crupi@crupi.com','Vestibulum quam sapien, varius ut, blandit non, interdum in, ante. Vestibulum ante ipsum primis in faucibus orci luctus et ultrices posuere cubilia Curae; Duis faucibus accumsan odio. Curabitur convallis. Duis consequat dui nec nisi volutpat eleifend. Don','img/store.png','https://plala.or.jp'),('Schoen and Sons','tiffiny_steffensmeier@cox.net','Nam congue, risus semper porta volutpat, quam pede lobortis ligula, sit amet eleifend pede libero quis orci. Nullam molestie nibh in lectus. Pellentesque at nulla. Suspendisse potenti. Cras in purus eu magna vulputate luctus. Cum sociis natoque penatibus ','img/store.png','http://angelfire.com'),('Schroeder-Kunze','jshin@shin.com','Vivamus metus arcu, adipiscing molestie, hendrerit at, vulputate vitae, nisl. Aenean lectus. Pellentesque eget nunc. Donec quis orci eget orci vehicula condimentum. Curabitur in libero ut massa volutpat convallis. Morbi odio odio, elementum eu, interdum e','img/store.png','http://un.org'),('Schultz Group','vinouye@aol.com','Nullam orci pede, venenatis non, sodales sed, tincidunt eu, felis. Fusce posuere felis sed lacus. Morbi sem mauris, laoreet ut, rhoncus aliquet, pulvinar sed, nisl. Nunc rhoncus dui vel sem. Sed sagittis. Nam congue, risus semper porta volutpat, quam pede','img/store.png','https://unicef.org'),('Schultz-Gerlach','elza@yahoo.com','Nam nulla. Integer pede justo, lacinia eget, tincidunt eget, tempus vel, pede. Morbi porttitor lorem id ligula. Suspendisse ornare consequat lectus. In est risus, auctor sed, tristique in, tempus sit amet, sem. Fusce consequat. Nulla nisl. Nunc nisl. Duis','img/store.png','http://123-reg.co.uk'),('Schumm-Boyle','dweirather@aol.com','Cum sociis natoque penatibus et magnis dis parturient montes, nascetur ridiculus mus. Etiam vel augue. Vestibulum rutrum rutrum neque. Aenean auctor gravida sem. Praesent id massa id nisl venenatis lacinia. Aenean sit amet justo. Morbi ut odio. Cras mi pe','img/store.png','http://skyrock.com'),('Schuster-Kuphal','carmelina_lindall@lindall.com','Cras pellentesque volutpat dui. Maecenas tristique, est et tempus semper, est quam pharetra magna, ac consequat metus sapien ut nunc. Vestibulum ante ipsum primis in faucibus orci luctus et ultrices posuere cubilia Curae; Mauris viverra diam vitae quam. S','img/store.png','https://cnbc.com'),('Senger LLC','fpoullion@poullion.com','Nullam varius. Nulla facilisi. Cras non velit nec nisi vulputate nonummy. Maecenas tincidunt lacus at velit. Vivamus vel nulla eget eros elementum pellentesque. Quisque porta volutpat erat. Quisque erat eros, viverra eget, congue eget, semper rutrum, null','img/store.png','http://elpais.com'),('Senger, Block and Rath','nelida@gmail.com','Duis ac nibh. Fusce lacus purus, aliquet at, feugiat non, pretium quis, lectus. Suspendisse potenti. In eleifend quam a odio. In hac habitasse platea dictumst. Maecenas ut massa quis augue luctus tincidunt. Nulla mollis molestie lorem. Quisque ut erat. Cu','img/store.png','https://liveinternet.ru'),('Shields and Sons','yuki_whobrey@aol.com','Vestibulum rutrum rutrum neque. Aenean auctor gravida sem. Praesent id massa id nisl venenatis lacinia. Aenean sit amet justo. Morbi ut odio. Cras mi pede, malesuada in, imperdiet et, commodo vulputate, justo. In blandit ultrices enim. Lorem ipsum dolor s','img/store.png','https://addtoany.com'),('Shields-Mayert','mitsue_tollner@yahoo.com','Maecenas rhoncus aliquam lacus. Morbi quis tortor id nulla ultrices aliquet. Maecenas leo odio, condimentum id, luctus nec, molestie sed, justo. Pellentesque viverra pede ac diam. Cras pellentesque volutpat dui. Maecenas tristique, est et tempus semper, e','img/store.png','https://uol.com.br'),('Simonis-Gulgowski','simona@morasca.com','Nulla nisl. Nunc nisl. Duis bibendum, felis sed interdum venenatis, turpis enim blandit mi, in porttitor pede justo eu massa. Donec dapibus. Duis at velit eu est congue elementum. In hac habitasse platea dictumst. Morbi vestibulum, velit id pretium iaculi','img/store.png','http://java.com'),('Skiles-Block','laurel_reitler@reitler.com','Curabitur convallis. Duis consequat dui nec nisi volutpat eleifend. Donec ut dolor. Morbi vel lectus in quam fringilla rhoncus. Mauris enim leo, rhoncus sed, vestibulum sit amet, cursus id, turpis. Integer aliquet, massa id lobortis convallis, tortor risu','img/store.png','https://feedburner.com'),('Smitham Inc','kallie.blackwood@gmail.com','Etiam justo. Etiam pretium iaculis justo. In hac habitasse platea dictumst. Etiam faucibus cursus urna. Ut tellus. Nulla ut erat id mauris vulputate elementum. Nullam varius. Nulla facilisi. Cras non velit nec nisi vulputate nonummy. Maecenas tincidunt la','img/store.png','https://dailymotion.com'),('Smitham, Bradtke and Gulgowski','gearldine_gellinger@gellinger.com','Fusce congue, diam id ornare imperdiet, sapien urna pretium nisl, ut volutpat sapien arcu sed augue. Aliquam erat volutpat. In congue. Etiam justo. Etiam pretium iaculis justo. In hac habitasse platea dictumst. Etiam faucibus cursus urna. Ut tellus. Nulla','img/store.png','https://forbes.com'),('Smitham, Osinski and Langworth','tennaco@gmail.com','Duis bibendum. Morbi non quam nec dui luctus rutrum. Nulla tellus. In sagittis dui vel nisl. Duis ac nibh. Fusce lacus purus, aliquet at, feugiat non, pretium quis, lectus. Suspendisse potenti. In eleifend quam a odio. In hac habitasse platea dictumst. Ma','img/store.png','http://imageshack.us'),('Spinka, Dooley and Hammes','bpugh@aol.com','Integer aliquet, massa id lobortis convallis, tortor risus dapibus augue, vel accumsan tellus nisi eu orci. Mauris lacinia sapien quis libero. Nullam sit amet turpis elementum ligula vehicula consequat. Morbi a ipsum. Integer a nibh. In quis justo. Maecen','img/store.png','http://intel.com'),('Sporer and Sons','doldroyd@aol.com','Duis aliquam convallis nunc. Proin at turpis a pede posuere nonummy. Integer non velit. Donec diam neque, vestibulum eget, vulputate ut, ultrices vel, augue. Vestibulum ante ipsum primis in faucibus orci luctus et ultrices posuere cubilia Curae; Donec pha','img/store.png','http://loc.gov'),('Sporer Inc','lai.gato@gato.org','Vestibulum ante ipsum primis in faucibus orci luctus et ultrices posuere cubilia Curae; Donec pharetra, magna vestibulum aliquet ultrices, erat tortor sollicitudin mi, sit amet lobortis sapien sapien non mi. Integer ac neque. Duis bibendum. Morbi non quam','img/store.png','https://fda.gov'),('Stanton-Schneider','hpaulas@gmail.com','Aenean lectus. Pellentesque eget nunc. Donec quis orci eget orci vehicula condimentum. Curabitur in libero ut massa volutpat convallis. Morbi odio odio, elementum eu, interdum eu, tincidunt in, leo. Maecenas pulvinar lobortis est. Phasellus sit amet erat.','img/store.png','https://php.net'),('Stracke-Swaniawski','johnetta_abdallah@aol.com','Morbi non quam nec dui luctus rutrum. Nulla tellus. In sagittis dui vel nisl. Duis ac nibh. Fusce lacus purus, aliquet at, feugiat non, pretium quis, lectus. Suspendisse potenti. In eleifend quam a odio. In hac habitasse platea dictumst. Maecenas ut massa','img/store.png','http://china.com.cn'),('Streich, Kuhlman and King','lpaprocki@hotmail.com','Curabitur in libero ut massa volutpat convallis. Morbi odio odio, elementum eu, interdum eu, tincidunt in, leo. Maecenas pulvinar lobortis est. Phasellus sit amet erat. Nulla tempus. Vivamus in felis eu sapien cursus vestibulum. Proin eu mi. Nulla ac enim','img/store.png','https://ftc.gov'),('Stroman, Kohler and Jacobs','gladys.rim@rim.org','Sed sagittis. Nam congue, risus semper porta volutpat, quam pede lobortis ligula, sit amet eleifend pede libero quis orci. Nullam molestie nibh in lectus. Pellentesque at nulla. Suspendisse potenti. Cras in purus eu magna vulputate luctus. Cum sociis nato','img/store.png','https://msn.com'),('Swaniawski, Gusikowski and D\'Amore','emerson.bowley@bowley.org','Aliquam quis turpis eget elit sodales scelerisque. Mauris sit amet eros. Suspendisse accumsan tortor quis turpis. Sed ante. Vivamus tortor. Duis mattis egestas metus. Aenean fermentum. Donec ut mauris eget massa tempor convallis. Nulla neque libero, conva','img/store.png','http://unicef.org'),('Swaniawski, Witting and Weissnat','twenner@aol.com','Integer a nibh. In quis justo. Maecenas rhoncus aliquam lacus. Morbi quis tortor id nulla ultrices aliquet. Maecenas leo odio, condimentum id, luctus nec, molestie sed, justo. Pellentesque viverra pede ac diam. Cras pellentesque volutpat dui. Maecenas tri','img/store.png','https://cbc.ca'),('Terry-Collier','irma.wolfgramm@hotmail.com','Aliquam sit amet diam in magna bibendum imperdiet. Nullam orci pede, venenatis non, sodales sed, tincidunt eu, felis. Fusce posuere felis sed lacus. Morbi sem mauris, laoreet ut, rhoncus aliquet, pulvinar sed, nisl. Nunc rhoncus dui vel sem. Sed sagittis.','img/store.png','http://clickbank.net'),('Trantow, Mante and Champlin','solange@shinko.com','In sagittis dui vel nisl. Duis ac nibh. Fusce lacus purus, aliquet at, feugiat non, pretium quis, lectus. Suspendisse potenti. In eleifend quam a odio. In hac habitasse platea dictumst. Maecenas ut massa quis augue luctus tincidunt. Nulla mollis molestie ','img/store.png','https://ycombinator.com'),('Turcotte, Smith and Larkin','moon@yahoo.com','In eleifend quam a odio. In hac habitasse platea dictumst. Maecenas ut massa quis augue luctus tincidunt. Nulla mollis molestie lorem. Quisque ut erat. Curabitur gravida nisi at nibh. In hac habitasse platea dictumst. Aliquam augue quam, sollicitudin vita','img/store.png','https://guardian.co.uk'),('Turner, Franecki and Roob','rozella.ostrosky@ostrosky.com','Maecenas tristique, est et tempus semper, est quam pharetra magna, ac consequat metus sapien ut nunc. Vestibulum ante ipsum primis in faucibus orci luctus et ultrices posuere cubilia Curae; Mauris viverra diam vitae quam. Suspendisse potenti. Nullam portt','img/store.png','http://friendfeed.com'),('Ullrich Inc','asergi@gmail.com','Etiam justo. Etiam pretium iaculis justo. In hac habitasse platea dictumst. Etiam faucibus cursus urna. Ut tellus. Nulla ut erat id mauris vulputate elementum. Nullam varius. Nulla facilisi. Cras non velit nec nisi vulputate nonummy. Maecenas tincidunt la','img/store.png','https://timesonline.co.uk'),('Ullrich-Collier','andra@gmail.com','Integer aliquet, massa id lobortis convallis, tortor risus dapibus augue, vel accumsan tellus nisi eu orci. Mauris lacinia sapien quis libero. Nullam sit amet turpis elementum ligula vehicula consequat. Morbi a ipsum. Integer a nibh. In quis justo. Maecen','img/store.png','http://ucoz.ru'),('Upton-Maggio','gpawlowicz@yahoo.com','Integer aliquet, massa id lobortis convallis, tortor risus dapibus augue, vel accumsan tellus nisi eu orci. Mauris lacinia sapien quis libero. Nullam sit amet turpis elementum ligula vehicula consequat. Morbi a ipsum. Integer a nibh. In quis justo. Maecen','img/store.png','https://ed.gov'),('Vandervort-Marquardt','novella_degroot@degroot.org','Aenean fermentum. Donec ut mauris eget massa tempor convallis. Nulla neque libero, convallis eget, eleifend luctus, ultricies eu, nibh. Quisque id justo sit amet sapien dignissim vestibulum. Vestibulum ante ipsum primis in faucibus orci luctus et ultrices','img/store.png','http://gmpg.org'),('Walter Group','jose@yahoo.com','Maecenas tristique, est et tempus semper, est quam pharetra magna, ac consequat metus sapien ut nunc. Vestibulum ante ipsum primis in faucibus orci luctus et ultrices posuere cubilia Curae; Mauris viverra diam vitae quam. Suspendisse potenti. Nullam portt','img/store.png','http://t-online.de'),('Watsica-Champlin','valentine_gillian@gmail.com','Nam nulla. Integer pede justo, lacinia eget, tincidunt eget, tempus vel, pede. Morbi porttitor lorem id ligula. Suspendisse ornare consequat lectus. In est risus, auctor sed, tristique in, tempus sit amet, sem. Fusce consequat. Nulla nisl. Nunc nisl. Duis','img/store.png','https://slideshare.net'),('Weimann Inc','ilene.eroman@hotmail.com','Mauris sit amet eros. Suspendisse accumsan tortor quis turpis. Sed ante. Vivamus tortor. Duis mattis egestas metus. Aenean fermentum. Donec ut mauris eget massa tempor convallis. Nulla neque libero, convallis eget, eleifend luctus, ultricies eu, nibh. Qui','img/store.png','http://mayoclinic.com'),('Weimann, Smitham and Nolan','merilyn_bayless@cox.net','Nulla tempus. Vivamus in felis eu sapien cursus vestibulum. Proin eu mi. Nulla ac enim. In tempor, turpis nec euismod scelerisque, quam turpis adipiscing lorem, vitae mattis nibh ligula nec sem. Duis aliquam convallis nunc. Proin at turpis a pede posuere ','img/store.png','https://lulu.com'),('Weissnat-Dach','estrella@aol.com','Vivamus in felis eu sapien cursus vestibulum. Proin eu mi. Nulla ac enim. In tempor, turpis nec euismod scelerisque, quam turpis adipiscing lorem, vitae mattis nibh ligula nec sem. Duis aliquam convallis nunc. Proin at turpis a pede posuere nonummy. Integ','img/store.png','http://jigsy.com'),('Wilderman, Erdman and Homenick','gracia@melnyk.com','Nulla ac enim. In tempor, turpis nec euismod scelerisque, quam turpis adipiscing lorem, vitae mattis nibh ligula nec sem. Duis aliquam convallis nunc. Proin at turpis a pede posuere nonummy. Integer non velit. Donec diam neque, vestibulum eget, vulputate ','img/store.png','http://hexun.com'),('Williamson LLC','mmunns@cox.net','Praesent lectus. Vestibulum quam sapien, varius ut, blandit non, interdum in, ante. Vestibulum ante ipsum primis in faucibus orci luctus et ultrices posuere cubilia Curae; Duis faucibus accumsan odio. Curabitur convallis. Duis consequat dui nec nisi volut','img/store.png','http://illinois.edu'),('Williamson, Goodwin and Orn','joesph_degonia@degonia.org','Aliquam quis turpis eget elit sodales scelerisque. Mauris sit amet eros. Suspendisse accumsan tortor quis turpis. Sed ante. Vivamus tortor. Duis mattis egestas metus. Aenean fermentum. Donec ut mauris eget massa tempor convallis. Nulla neque libero, conva','img/store.png','http://reverbnation.com'),('Windler-Marks','cory.gibes@gmail.com','Duis ac nibh. Fusce lacus purus, aliquet at, feugiat non, pretium quis, lectus. Suspendisse potenti. In eleifend quam a odio. In hac habitasse platea dictumst. Maecenas ut massa quis augue luctus tincidunt. Nulla mollis molestie lorem. Quisque ut erat. Cu','img/store.png','https://vimeo.com'),('Wintheiser LLC','lezlie.craghead@craghead.org','Suspendisse potenti. In eleifend quam a odio. In hac habitasse platea dictumst. Maecenas ut massa quis augue luctus tincidunt. Nulla mollis molestie lorem. Quisque ut erat. Curabitur gravida nisi at nibh. In hac habitasse platea dictumst. Aliquam augue qu','img/store.png','https://youtube.com'),('Witting Group','penney_weight@aol.com','Donec diam neque, vestibulum eget, vulputate ut, ultrices vel, augue. Vestibulum ante ipsum primis in faucibus orci luctus et ultrices posuere cubilia Curae; Donec pharetra, magna vestibulum aliquet ultrices, erat tortor sollicitudin mi, sit amet lobortis','img/store.png','https://cafepress.com'),('Wunsch Group','brandon_callaro@hotmail.com','Vivamus metus arcu, adipiscing molestie, hendrerit at, vulputate vitae, nisl. Aenean lectus. Pellentesque eget nunc. Donec quis orci eget orci vehicula condimentum. Curabitur in libero ut massa volutpat convallis. Morbi odio odio, elementum eu, interdum e','img/store.png','https://hostgator.com'),('Wyman Group','calbares@gmail.com','Integer a nibh. In quis justo. Maecenas rhoncus aliquam lacus. Morbi quis tortor id nulla ultrices aliquet. Maecenas leo odio, condimentum id, luctus nec, molestie sed, justo. Pellentesque viverra pede ac diam. Cras pellentesque volutpat dui. Maecenas tri','img/store.png','https://hexun.com'),('Yost-Mayer','lisha@centini.org','Aenean sit amet justo. Morbi ut odio. Cras mi pede, malesuada in, imperdiet et, commodo vulputate, justo. In blandit ultrices enim. Lorem ipsum dolor sit amet, consectetuer adipiscing elit. Proin interdum mauris non ligula pellentesque ultrices. Phasellus','img/store.png','https://yandex.ru'),('Zboncak Group','alease@buemi.com','Nulla ac enim. In tempor, turpis nec euismod scelerisque, quam turpis adipiscing lorem, vitae mattis nibh ligula nec sem. Duis aliquam convallis nunc. Proin at turpis a pede posuere nonummy. Integer non velit. Donec diam neque, vestibulum eget, vulputate ','img/store.png','http://ucoz.ru');
CREATE TABLE `negozio_fisico` (
  `nome` varchar(255) NOT NULL,
  `orari` varchar(255) DEFAULT NULL,
  `coordinate` int(11) NOT NULL,
  `citta` varchar(255) NOT NULL,
  PRIMARY KEY (`nome`),
  KEY `citta` (`citta`),
  KEY `coordinate` (`coordinate`),
  CONSTRAINT `negozio_fisico_ibfk_1` FOREIGN KEY (`nome`) REFERENCES `negozio` (`nome`),
  CONSTRAINT `negozio_fisico_ibfk_2` FOREIGN KEY (`citta`) REFERENCES `citta` (`nome`),
  CONSTRAINT `negozio_fisico_ibfk_3` FOREIGN KEY (`coordinate`) REFERENCES `coordinate` (`id`)
) ENGINE=InnoDB DEFAULT CHARSET=utf8;
INSERT INTO `negozio_fisico` VALUES ('Abernathy Group','8:00, 20:00',195,'Vibo Valentina'),('Anderson LLC','8:00, 20:00',5,'Foggia'),('Bailey, Larson and McDermott','8:00, 20:00',26,'Taranto'),('Batz and Sons','8:00, 20:00',50,'Brindisi'),('Bauch, Bernhard and Herzog','8:00, 20:00',9,'Foggia'),('Bauch-Kunde','8:00, 20:00',109,'Agrigento'),('Baumbach, McClure and O\'Keefe','8:00, 20:00',85,'Rieti'),('Beahan, Botsford and Mraz','8:00, 20:00',112,'Catania'),('Beatty Inc','8:00, 20:00',70,'Frosinone'),('Beatty-Prohaska','8:00, 20:00',192,'Vibo Valentina'),('Bednar and Sons','8:00, 20:00',117,'Catania'),('Bednar Group','8:00, 20:00',115,'Catania'),('Beier, Abernathy and Abernathy','8:00, 20:00',89,'Rieti'),('Blanda, Gerlach and Wyman','8:00, 20:00',164,'Cosenza'),('Blick-Jenkins','8:00, 20:00',83,'Rieti'),('Boehm, Konopelski and Kiehn','8:00, 20:00',59,'Roma'),('Boyle LLC','8:00, 20:00',11,'Bari'),('Boyle LLCX','8:00, 20:00',58,'Roma'),('Boyle, Nienow and Brown','8:00, 20:00',167,'Cosenza'),('Bradtke, Borer and Brakus','8:00, 20:00',170,'Cosenza'),('Braun Group','8:00, 20:00',79,'Latina'),('Braun-Beer','8:00, 20:00',191,'Vibo Valentina'),('Breitenberg LLC','8:00, 20:00',189,'Reggio di Calabria'),('Breitenberg, Yost and Collier','8:00, 20:00',114,'Catania'),('Buckridge and Sons','8:00, 20:00',149,'Ragusa'),('Buckridge-King','8:00, 20:00',1,'Foggia'),('Cartwright-Graham','8:00, 20:00',146,'Ragusa'),('Cassin Inc','8:00, 20:00',125,'Messina'),('Champlin, Corkery and Predovic','8:00, 20:00',33,'Lecce'),('Collier and Sons','8:00, 20:00',154,'Catanzaro'),('Conn-Brekke','8:00, 20:00',57,'Roma'),('Corwin-Ritchie','8:00, 20:00',173,'Crotone'),('Crona LLC','8:00, 20:00',84,'Rieti'),('Cruickshank and Sons','8:00, 20:00',24,'Taranto'),('Davis and Sons','8:00, 20:00',2,'Foggia'),('Dicki, Kuphal and Lueilwitz','8:00, 20:00',131,'Palermo'),('Douglas-Fritsch','8:00, 20:00',45,'Brindisi'),('DuBuque Inc','8:00, 20:00',126,'Messina'),('Ebert, Pollich and Kihn','8:00, 20:00',30,'Taranto'),('Effertz-Zulauf','8:00, 20:00',150,'Ragusa'),('Emard, Zemlak and Price','8:00, 20:00',142,'Ragusa'),('Ernser LLC','8:00, 20:00',137,'Palermo'),('Fadel, Grant and Schulist','8:00, 20:00',163,'Cosenza'),('Farrell Inc','8:00, 20:00',60,'Roma'),('Frami-Sanford','8:00, 20:00',124,'Messina'),('Funk, Kozey and Rogahn','8:00, 20:00',62,'Frosinone'),('Funk-Abbott','8:00, 20:00',123,'Messina'),('Gaylord-Denesik','8:00, 20:00',165,'Cosenza'),('Gleason, Hahn and Senger','8:00, 20:00',179,'Crotone'),('Glover-Nader','8:00, 20:00',127,'Messina'),('Goldner LLC','8:00, 20:00',111,'Catania'),('Goodwin, Braun and Douglas','8:00, 20:00',151,'Catanzaro'),('Gorczany and Sons','8:00, 20:00',97,'Viterbo'),('Gottlieb, Sanford and Weber','8:00, 20:00',119,'Catania'),('Grady, Stoltenberg and Schroeder','8:00, 20:00',102,'Agrigento'),('Grant, Rohan and Kihn','8:00, 20:00',27,'Taranto'),('Greenholt, Armstrong and Altenwerth','8:00, 20:00',74,'Latina'),('Gusikowski, Bode and Wiegand','8:00, 20:00',174,'Crotone'),('Haag-Dicki','8:00, 20:00',175,'Crotone'),('Haag-Larkin','8:00, 20:00',98,'Viterbo'),('Hackett LLC','8:00, 20:00',183,'Reggio di Calabria'),('Hahn-Hodkiewicz','8:00, 20:00',53,'Roma'),('Hamill-Romaguera','8:00, 20:00',23,'Taranto'),('Hamill-Wintheiser','8:00, 20:00',10,'Foggia'),('Hammes, Cronin and Fay','8:00, 20:00',25,'Taranto'),('Hammes-Conn','8:00, 20:00',166,'Cosenza'),('Hauck, Wuckert and Kutch','8:00, 20:00',161,'Cosenza'),('Heaney, Wisozk and Walker','8:00, 20:00',152,'Catanzaro'),('Heathcote and Sons','8:00, 20:00',133,'Palermo'),('Heidenreich-Feest','8:00, 20:00',75,'Latina'),('Heller, Ortiz and Windler','8:00, 20:00',8,'Foggia'),('Herman-Mayert','8:00, 20:00',107,'Agrigento'),('Hettinger, Beer and Simonis','8:00, 20:00',14,'Bari'),('Hilll Group','8:00, 20:00',82,'Rieti'),('Hilll Inc','8:00, 20:00',73,'Latina'),('Hirthe-Nienow','8:00, 20:00',90,'Rieti'),('Hoppe LLC','8:00, 20:00',12,'Bari'),('Hoppe, Donnelly and Langworth','8:00, 20:00',143,'Ragusa'),('Howe-Yost','8:00, 20:00',28,'Taranto'),('Hyatt-Trantow','8:00, 20:00',171,'Crotone'),('Jacobs and Sons','8:00, 20:00',134,'Palermo'),('Jacobson and Sons','8:00, 20:00',40,'Lecce'),('Johns, Kunde and Hahn','8:00, 20:00',129,'Messina'),('Johnston-Schimmel','8:00, 20:00',120,'Catania'),('Kautzer and Sons','8:00, 20:00',48,'Brindisi'),('Keebler LLC','8:00, 20:00',68,'Frosinone'),('Keebler LLCY','8:00, 20:00',139,'Palermo'),('Kertzmann-Grant','8:00, 20:00',66,'Frosinone'),('Koch-Swaniawski','8:00, 20:00',138,'Palermo'),('Koepp Group','8:00, 20:00',95,'Viterbo'),('Konopelski, Green and O\'Reilly','8:00, 20:00',200,'Vibo Valentina'),('Koss and Sons','8:00, 20:00',21,'Taranto'),('Krajcik-Kessler','8:00, 20:00',190,'Reggio di Calabria'),('Kris-Nitzsche','8:00, 20:00',122,'Messina'),('Kshlerin, Hills and Walsh','8:00, 20:00',17,'Bari'),('Kuhic, Wilderman and Fadel','8:00, 20:00',176,'Crotone'),('Kuhlman Group','8:00, 20:00',46,'Brindisi'),('Kuhn, Douglas and Cummerata','8:00, 20:00',128,'Messina'),('Kutch-Mohr','8:00, 20:00',16,'Bari'),('Langosh-Volkman','8:00, 20:00',91,'Viterbo'),('Larson, Kling and Kuphal','8:00, 20:00',185,'Reggio di Calabria'),('Lebsack, Schuppe and Christiansen','8:00, 20:00',52,'Roma'),('Ledner and Sons','8:00, 20:00',158,'Catanzaro'),('Legros-Hoppe','8:00, 20:00',94,'Viterbo'),('Lesch-Dickens','8:00, 20:00',116,'Catania'),('Leuschke, Wunsch and Schiller','8:00, 20:00',105,'Agrigento'),('Lindgren-Keeling','8:00, 20:00',106,'Agrigento'),('Lowe-McCullough','8:00, 20:00',81,'Rieti'),('Lynch, Muller and Ward','8:00, 20:00',54,'Roma'),('Macejkovic Group','8:00, 20:00',13,'Bari'),('Maggio LLC','8:00, 20:00',162,'Cosenza'),('Mante LLC','8:00, 20:00',193,'Vibo Valentina'),('Marks Group','8:00, 20:00',31,'Lecce'),('Marvin Group','8:00, 20:00',41,'Brindisi'),('McCullough, Howell and Ondricka','8:00, 20:00',140,'Palermo'),('Mertz, Schneider and Johnston','8:00, 20:00',29,'Taranto'),('Moen, Hoeger and Bernier','8:00, 20:00',63,'Frosinone'),('Moen-Larson','8:00, 20:00',148,'Ragusa'),('Monahan Inc','8:00, 20:00',43,'Brindisi'),('Moore and Sons','8:00, 20:00',100,'Viterbo'),('Morar-Considine','8:00, 20:00',51,'Roma'),('Morar-Ebert','8:00, 20:00',144,'Ragusa'),('Morar-Satterfield','8:00, 20:00',32,'Lecce'),('Mraz-Dicki','8:00, 20:00',130,'Messina'),('Murazik-Howe','8:00, 20:00',184,'Reggio di Calabria'),('Nolan LLC','8:00, 20:00',160,'Catanzaro'),('O\'Hara and Sons','8:00, 20:00',141,'Ragusa'),('O\'Keefe LLC','8:00, 20:00',135,'Palermo'),('O\'Keefe LLCQ','8:00, 20:00',181,'Reggio di Calabria'),('O\'Reilly-Weissnat','8:00, 20:00',103,'Agrigento'),('Oberbrunner-Cummerata','8:00, 20:00',96,'Viterbo'),('Ondricka, Renner and Hane','8:00, 20:00',104,'Agrigento'),('Orn and Sons','8:00, 20:00',47,'Brindisi'),('Parisian LLC','8:00, 20:00',156,'Catanzaro'),('Predovic Inc','8:00, 20:00',93,'Viterbo'),('Quigley-Hessel','8:00, 20:00',44,'Brindisi'),('Reichel Inc','8:00, 20:00',198,'Vibo Valentina'),('Reichel, Labadie and Tremblay','8:00, 20:00',157,'Catanzaro'),('Reichert-Prohaska','8:00, 20:00',3,'Foggia'),('Rempel Inc','8:00, 20:00',186,'Reggio di Calabria'),('Reynolds, Hettinger and Stokes','8:00, 20:00',20,'Bari'),('Rice and Sons','8:00, 20:00',65,'Frosinone'),('Robel, Heidenreich and O\'Keefe','8:00, 20:00',87,'Rieti'),('Rolfson LLC','8:00, 20:00',168,'Cosenza'),('Roob, Hegmann and Kerluke','8:00, 20:00',155,'Catanzaro'),('Rosenbaum, Romaguera and Cruickshank','8:00, 20:00',178,'Crotone'),('Russel-Beatty','8:00, 20:00',121,'Messina'),('Russel-Kutch','8:00, 20:00',194,'Vibo Valentina'),('Ryan, Abshire and Bernier','8:00, 20:00',182,'Reggio di Calabria'),('Sauer, Brakus and Cruickshank','8:00, 20:00',136,'Palermo'),('Sauer, Christiansen and Powlowski','8:00, 20:00',55,'Roma'),('Schiller, Cruickshank and Greenfelder','8:00, 20:00',34,'Lecce'),('Schmeler Inc','8:00, 20:00',78,'Latina'),('Schoen and Sons','8:00, 20:00',110,'Agrigento'),('Schroeder-Kunze','8:00, 20:00',113,'Catania'),('Schultz Group','8:00, 20:00',22,'Taranto'),('Schultz-Gerlach','8:00, 20:00',80,'Latina'),('Schumm-Boyle','8:00, 20:00',145,'Ragusa'),('Schuster-Kuphal','8:00, 20:00',64,'Frosinone'),('Senger LLC','8:00, 20:00',197,'Vibo Valentina'),('Senger, Block and Rath','8:00, 20:00',180,'Crotone'),('Shields and Sons','8:00, 20:00',19,'Bari'),('Shields-Mayert','8:00, 20:00',7,'Foggia'),('Simonis-Gulgowski','8:00, 20:00',6,'Foggia'),('Skiles-Block','8:00, 20:00',77,'Latina'),('Smitham Inc','8:00, 20:00',71,'Latina'),('Smitham, Bradtke and Gulgowski','8:00, 20:00',147,'Ragusa'),('Smitham, Osinski and Langworth','8:00, 20:00',188,'Reggio di Calabria'),('Spinka, Dooley and Hammes','8:00, 20:00',61,'Frosinone'),('Sporer and Sons','8:00, 20:00',42,'Brindisi'),('Sporer Inc','8:00, 20:00',88,'Rieti'),('Stanton-Schneider','8:00, 20:00',132,'Palermo'),('Stracke-Swaniawski','8:00, 20:00',72,'Latina'),('Streich, Kuhlman and King','8:00, 20:00',4,'Foggia'),('Stroman, Kohler and Jacobs','8:00, 20:00',18,'Bari'),('Swaniawski, Gusikowski and D\'Amore','8:00, 20:00',49,'Brindisi'),('Swaniawski, Witting and Weissnat','8:00, 20:00',56,'Roma'),('Terry-Collier','8:00, 20:00',172,'Crotone'),('Trantow, Mante and Champlin','8:00, 20:00',36,'Lecce'),('Turcotte, Smith and Larkin','8:00, 20:00',76,'Latina'),('Turner, Franecki and Roob','8:00, 20:00',38,'Lecce'),('Ullrich Inc','8:00, 20:00',35,'Lecce'),('Ullrich-Collier','8:00, 20:00',196,'Vibo Valentina'),('Upton-Maggio','8:00, 20:00',159,'Catanzaro'),('Vandervort-Marquardt','8:00, 20:00',169,'Cosenza'),('Walter Group','8:00, 20:00',37,'Lecce'),('Watsica-Champlin','8:00, 20:00',39,'Lecce'),('Weimann Inc','8:00, 20:00',69,'Frosinone'),('Weimann, Smitham and Nolan','8:00, 20:00',187,'Reggio di Calabria'),('Weissnat-Dach','8:00, 20:00',108,'Agrigento'),('Wilderman, Erdman and Homenick','8:00, 20:00',199,'Vibo Valentina'),('Williamson LLC','8:00, 20:00',86,'Rieti'),('Williamson, Goodwin and Orn','8:00, 20:00',177,'Crotone'),('Windler-Marks','8:00, 20:00',92,'Viterbo'),('Wintheiser LLC','8:00, 20:00',153,'Catanzaro'),('Witting Group','8:00, 20:00',67,'Frosinone'),('Wunsch Group','8:00, 20:00',118,'Catania'),('Wyman Group','8:00, 20:00',15,'Bari'),('Yost-Mayer','8:00, 20:00',99,'Viterbo'),('Zboncak Group','8:00, 20:00',101,'Agrigento');
CREATE TABLE `ordine` (
  `id_ordine` int(11) NOT NULL AUTO_INCREMENT,
  `user` varchar(255) NOT NULL,
  `totale` double NOT NULL,
  `data` date NOT NULL,
  `pagamento` varchar(255) DEFAULT NULL,
  `modalità` varchar(255) DEFAULT NULL,
  PRIMARY KEY (`id_ordine`,`data`),
  KEY `user` (`user`),
  CONSTRAINT `ordine_ibfk_1` FOREIGN KEY (`user`) REFERENCES `utente` (`email`)
) ENGINE=InnoDB DEFAULT CHARSET=utf8;
CREATE TABLE `recensione` (
  `utente` varchar(255) NOT NULL,
  `id_articolo` int(11) NOT NULL,
  `testo` varchar(255) DEFAULT NULL,
  `voto` int(11) NOT NULL,
  PRIMARY KEY (`utente`,`id_articolo`),
  KEY `id_articolo` (`id_articolo`),
  CONSTRAINT `recensione_ibfk_1` FOREIGN KEY (`utente`) REFERENCES `utente` (`email`),
  CONSTRAINT `recensione_ibfk_2` FOREIGN KEY (`id_articolo`) REFERENCES `articolo` (`id_articolo`)
) ENGINE=InnoDB DEFAULT CHARSET=utf8;
CREATE TABLE `segnalazione` (
  `id_messaggio` int(11) NOT NULL AUTO_INCREMENT,
  `id_mittente` varchar(255) NOT NULL,
  `id_destinatario` varchar(255) NOT NULL,
  `id_ordine` int(11) NOT NULL,
  `id_articolo` int(11) NOT NULL,
  `data_acquisto` date NOT NULL,
  `oggetto` varchar(255) NOT NULL,
  `testo` varchar(255) NOT NULL,
  `data` date NOT NULL,
  `stato` varchar(100) DEFAULT 'aperta',
  `conseguenza` varchar(1) DEFAULT NULL,
  `lettura` int(11) DEFAULT '0',
  PRIMARY KEY (`id_messaggio`),
  KEY `id_mittente` (`id_mittente`),
  KEY `id_destinatario` (`id_destinatario`),
  KEY `id_ordine` (`id_ordine`),
  KEY `id_articolo` (`id_articolo`),
  CONSTRAINT `segnalazione_ibfk_1` FOREIGN KEY (`id_mittente`) REFERENCES `utente` (`email`),
  CONSTRAINT `segnalazione_ibfk_2` FOREIGN KEY (`id_destinatario`) REFERENCES `utente` (`email`),
  CONSTRAINT `segnalazione_ibfk_3` FOREIGN KEY (`id_ordine`) REFERENCES `acquisto` (`id_ordine`),
  CONSTRAINT `segnalazione_ibfk_4` FOREIGN KEY (`id_articolo`) REFERENCES `acquisto` (`id_articolo`)
) ENGINE=InnoDB DEFAULT CHARSET=utf8;
CREATE TABLE `utente` (
  `nome` varchar(100) NOT NULL,
  `cognome` varchar(150) NOT NULL,
  `email` varchar(255) NOT NULL,
  `password` varchar(255) NOT NULL,
  `avatar` varchar(255) DEFAULT 'img/default.png',
  `data_registrazione` date NOT NULL,
  `data_conferma_registrazione` date DEFAULT NULL,
  `tipo_utente` int(11) NOT NULL DEFAULT '1',
  PRIMARY KEY (`email`)
) ENGINE=InnoDB DEFAULT CHARSET=utf8;
INSERT INTO `utente` VALUES ('Arlette','Honeywell','ahoneywell@honeywell.com','$s0$41010$jJtQha9pYxeeYfOz+ixPiA==$7sUmHeYSWAk+OYLcO6U8WKK+jFQu73W9Y0G3nasT+Jg=','img/default.png','2014-04-14','2015-07-26',2),
('Alaine','Bergesen','alaine_bergesen@cox.net','$s0$41010$b8bTruxzSBCA/E7UCfjYtQ==$9/DVzY9KCY8/ykkcAN6yjdiHoLCERWt5lee3aD45MYg=','img/default.png','2014-10-07','2015-05-09',0),
('Albina','Glick','albina@glick.com','$s0$41010$5NXyQrkVenX6mBwYwKrvVw==$I/ZenD1qpMQWQd/gxhJ/+rLmdBZGpwGhmSVRUL5S01s=','img/default.png','2014-06-19','2015-07-04',2),('Alease','Buemi','alease@buemi.com','$s0$41010$MKKoTm4KmJ/e4qnz0ufEjA==$LOTAGb8VioEN6rqkZg1zTqcqtnlqeX7ESQYEn+7mmOU=','img/default.png','2014-02-23','2015-03-12',2),('Alecia','Bubash','alecia@aol.com','$s0$41010$s5dIYHj5iln4LADbCvzINQ==$YlvTCS3cUfXwYY918zATEhXTBbHFKgO+Gh5JLeAmfSQ=','img/default.png','2014-04-10','2015-12-15',1),('Alex','Loader','alex@loader.com','$s0$41010$JGYfqE6LTsnlxp5lyRrNfQ==$Mf4O7i8w1oQkcHMzVx6ud+yT9KbRfYqasEBWoB9qh+c=','img/default.png','2014-07-23','2015-01-14',1),('Alisha','Slusarski','alisha@slusarski.com','$s0$41010$H3Tj3iNcVIfhsFgjIFxnuA==$8OKy7aoUEMLlElcoVAWpgWImZTWPHGp4ty9yooTeYHk=','img/default.png','2014-08-13','2015-02-02',2),('Aliza','Baltimore','aliza@aol.com','$s0$41010$CdX6ff3upAkvwb6ZQPTuJg==$MmBv0kXH5uBjnF/UvzidV9Hw8/33d3/+Ec0MVqtOUcI=','img/default.png','2014-05-09','2015-08-04',1),('Allene','Iturbide','allene_iturbide@cox.net','$s0$41010$LcE475WBk4YYYA9rVTE3EQ==$TI/d2wqWifCa386rDKJSFAZwcZL0qhjPmy5cHW4mf7c=','img/default.png','2014-05-11','2015-01-05',2),('Alyce','Arias','alyce@arias.org','$s0$41010$RALtdbqyzbteGpEJj0PZPg==$9LNpu5BWC/PZ3lM0Q5x2BlNYZH2xKDu8NpOnI7FinTg=','img/default.png','2014-01-19','2015-12-18',1),('Abel','Maclead','amaclead@gmail.com','$s0$41010$+6Q3ace+N6z6sraNPRww+w==$Y0uHLh2o41CG20MGUnTO/U3pqWnPsqhE3FeYot/3B8A=','img/default.png','2014-11-09','2015-11-22',2),('Amber','Monarrez','amber_monarrez@monarrez.org','$s0$41010$jlGmRxlKRNDR5vKMKCRJTg==$eSE/SHaUcC3QbhSy9gOJKTvxA/h7RVp8jMfZ8hF8inQ=','img/default.png','2014-02-26','2015-04-21',2),('Ammie','Corrio','ammie@corrio.com','$s0$41010$noxiWM89HaWXh3Vv/nTPFg==$NJTBPIr0YNTHVPuBS7Cxep+FyGeGzDH9ntX5iKZv/hw=','img/default.png','2014-03-13','2015-12-01',2),('Andra','Scheyer','andra@gmail.com','$s0$41010$9oc5T1PXodSi+DLSUIs1uA==$OdJHL4+LtrvuFgA0Wk75WPvqoAtQdo2olntqh+x9Wi8=','img/default.png','2014-10-05','2015-02-28',2),('Angella','Cetta','angella.cetta@hotmail.com','$s0$41010$K3xAGXFrZgy33u+BEpgvew==$zuXqNHej32Znr+r+qe0cQX63isHvFQxCjeW+w//6+Ww=','img/default.png','2014-01-19','2015-11-03',2),('Annabelle','Boord','annabelle.boord@cox.net','$s0$41010$cGmyPMZ4pBP3PXKBZmkKtg==$o8GeNTZZB/ZUC4a/WgGaFmTs1978uDjzi7spdJSBaSw=','img/default.png','2014-11-12','2015-11-05',2),('An','Fritz','an_fritz@hotmail.com','$s0$41010$/HhTofQRHSKWxv7aUnLonw==$0u3u/mdKeB0faQuU7j9EwGEUEITW04BqgR2pfsOmSEc=','img/default.png','2014-06-01','2015-06-13',1),('Ashlyn','Pinilla','apinilla@cox.net','$s0$41010$qPGsMr97ZIQHHq029eedWw==$/aiflM7z+bMNulZUQUJzwYNNZa6g4qdwWZBxpbSW8FU=','img/default.png','2014-03-21','2015-03-27',1),('Arlene','Klusman','arlene_klusman@gmail.com','$s0$41010$JM5kNm5DhMfheLSw6BOW7g==$3FoFqoCLHKCsmghPMNgN/x4SQwWU5KpkSIHU15GIJx0=','img/default.png','2014-06-12','2015-05-09',2),('Arminda','Parvis','arminda@parvis.com','$s0$41010$vKa9daAViaJNlj3XfFgsSw==$kpHqYLl3goN8C5nVocPm6YLyALdMOsh/GptHR0lvOVs=','img/default.png','2014-12-03','2015-08-07',2),('Art','Venere','art@venere.org','$s0$41010$bhhZaXWQEHXSy/G9S1bTdA==$uTBxO1yan+TY/xnFVGcwL/5Qpw7clLM0dBZfqRg/5Zk=','img/default.png','2014-08-24','2015-12-09',2),('Alishia','Sergi','asergi@gmail.com','$s0$41010$aUcu1fxXnupJ9+tv0B2vYw==$M9iKKKXoaOEOgUIN0Xtd5EfnyRNzTIv9NzwcMTsS8kI=','img/default.png','2014-06-08','2015-12-26',2),('Audra','Kohnert','audra@kohnert.com','$s0$41010$yRjEKgDYa5Ep2xChWwxMTA==$fM37PZPSRVVXECzEYGba7URCACLruDgR/bYf9F8yrx0=','img/default.png','2014-06-04','2015-04-14',2),('Avery','Steier','avery@cox.net','$s0$41010$kUsmsXXWcjQ6CbKkIc6IcA==$T8DxM2ppYiZTJ+iJVo+zQ4bE/8znUdISfCXEI4cV/Uo=','img/default.png','2014-12-07','2015-12-02',1),('Barrett','Toyama','barrett.toyama@toyama.org','$s0$41010$1yUIaGnallGMgGwy7CwbCw==$ItSBR/L3VNUv+UilCy1qAWHk2I7jz1XfS3J/CXoSvn0=','img/default.png','2014-11-11','2015-06-13',1),('Brock','Bolognia','bbolognia@yahoo.com','$s0$41010$raU/TvGO8yPhGN5Og2272A==$6S7DCin2CLSjJAM/bTcuHTe4LbMLGiesxVZhk1k02Es=','img/default.png','2014-09-02','2015-10-16',2),('Beatriz','Corrington','beatriz@yahoo.com','$s0$41010$Of0hb16W0gQLgKXIoRsxTQ==$0NHeAemOiMgs8bmXuSoAh2xD9WPOy4h4BbkvKdBAS3U=','img/default.png','2014-05-07','2015-01-26',2),('Beckie','Silvestrini','beckie.silvestrini@silvestrini.com','$s0$41010$m2gI+EtDpjeqTedV+GgcbQ==$eaJ5UknCQKwLQZETzKhfCnbzUEi92mgx1oW1qOKGXuQ=','img/default.png','2014-04-06','2015-05-01',1),('Becky','Mirafuentes','becky.mirafuentes@mirafuentes.com','$s0$41010$qyWwfEv9EeB4e/9k2KNBWQ==$xtLaPX4zzYMWeRx/EPUNsaNjRPwSGMXcOw+m6WwZE90=','img/default.png','2014-10-15','2015-12-22',2),('Belen','Strassner','belen_strassner@aol.com','$s0$41010$g1gRTdyFmb5zFSEDWl5Tzw==$0dSufPZBp/5zlWvJxl457Q1j2kNY26Cz2H0+6xa1qIA=','img/default.png','2014-05-19','2015-08-31',2),('Benton','Skursky','benton.skursky@aol.com','$s0$41010$a1QPdki5XuTZ85zuKa4dMA==$H59i7Qg7oBQ+qGqndli8C1vs2/5+L8s/n+uq2Bg8gs0=','img/default.png','2014-07-31','2015-10-07',2),('Bette','Nicka','bette_nicka@cox.net','$s0$41010$5vpGwkaX/FZZgr43ZJ07aA==$t4gleN4Be/e9PZ2+xebhJrXcrPezquJVMe9kdD0KwoI=','img/default.png','2014-11-04','2015-02-25',2),('Bernardo','Figeroa','bfigeroa@aol.com','$s0$41010$azGKCHEU9FVhA0KtGOGX7w==$ckmFoiwZiI3d0Lq4LR6qgiFQcJQzfj5+TzrZOSmU8pw=','img/default.png','2014-06-24','2015-04-16',2),('Blair','Malet','bmalet@yahoo.com','$s0$41010$mEubUp0J1q/SKQu9FqAebA==$TQMgrOVH5hAcinf/BOhWvC0aWlZng99FLBu+E8iiGMk=','img/default.png','2014-03-01','2015-03-21',2),('Bok','Isaacs','bok.isaacs@aol.com','$s0$41010$5ooNAWm9v2iFKCuU9D58vw==$bxm+1B/06ctlBtsk3jW4sF3xiKt93Q4NfbntiAFxYZc=','img/default.png','2014-02-13','2015-09-28',2),('Blondell','Pugh','bpugh@aol.com','$s0$41010$JV0/v/YZWNADrZ6214bsDQ==$lcArOqUZCtqf1AeeazM82jeI6SE4q5faZEnO6Gqulvs=','img/default.png','2014-12-04','2015-06-26',2),('Brandon','Callaro','brandon_callaro@hotmail.com','$s0$41010$jgo8LJCasbofy7Pshaf1bg==$IeEhpjkrLqbHo8lwydRyEaZogGbfqSXys6LH/mRJTzw=','img/default.png','2014-10-08','2015-11-18',2),('Bobbye','Rhym','brhym@rhym.com','$s0$41010$06QztRaCXVw/KWYwxDTNgA==$LzZZ+ZYvovK6E2xO7GZ8i3zHW1dzVIyMZI9+gM617A0=','img/default.png','2014-08-17','2015-07-27',2),('Benedict','Sama','bsama@cox.net','$s0$41010$5oY3FWtV+qLDX7gUpsVPeA==$dM3a3Xh5MR4N7N3v1F7kxsLFF6YqwMqNIqqGmAy7dpU=','img/default.png','2014-07-22','2015-06-13',1),('Buddy','Cloney','buddy.cloney@yahoo.com','$s0$41010$D03ofkD+rZfR5ZJoVCYC/g==$pczYhDD9KBJ0fAtXQEEWcxudowaVn1pGcUCY1Kt+BCM=','img/default.png','2014-05-03','2015-05-18',1),('Bulah','Padilla','bulah_padilla@hotmail.com','$s0$41010$mRaQUXr9NlIjA7F10KNxrA==$dRYNYdKnbx1Lkozg1yZGgiuci/nxQMsd1Z6CTHS9unk=','img/default.png','2014-02-23','2015-06-08',2),('Cammy','Albares','calbares@gmail.com','$s0$41010$0HiLDoX8v1bEFJkmZJFg0Q==$lLy3JmLSzLBK35UoXqNwcKDW0/Iy8iyiZzIDr8/VIEA=','img/default.png','2014-01-26','2015-05-10',2),('Candida','Corbley','candida_corbley@hotmail.com','$s0$41010$YSlz2qswujyR8bCbEGySHg==$BVZnxxfMlLNg3tgCatEoWOMXaCkC/twHUWfXQgJXbV4=','img/default.png','2014-07-10','2015-04-27',2),('Carey','Dopico','carey_dopico@dopico.org','$s0$41010$u2oeIvGg/HCzVWfIk1Cepg==$ZYQ2wX1Y5YRVBJ+iG5KrYH0HD3KUt9mL0lsdDFN6J00=','img/default.png','2014-03-22','2015-09-23',1),('Carissa','Batman','carissa.batman@yahoo.com','$s0$41010$Xmw7LOqgKbSwn7b2ajpQhw==$CCFCY2Q5mC4QBdb1bbDYPcYMfc6dg5ZGtjNca/W1nmU=','img/default.png','2014-07-17','2015-06-01',2),('Carma','Vanheusen','carma@cox.net','$s0$41010$9j+uZi/j4u7MzHHQ6ZygXQ==$iMKU/JhBeVtRTMqYcAkB+e+07ne60xYg/n73GCp82sg=','img/default.png','2014-06-11','2015-09-01',2),('Carmelina','Lindall','carmelina_lindall@lindall.com','$s0$41010$P9ws+r4uwbO4gpxUSLrZ4w==$FE7coA2WH4mVAooqDIL8GvFcfaBezHByWK4d6bBvhfo=','img/default.png','2014-02-06','2015-06-10',2),('Casie','Good','casie.good@aol.com','$s0$41010$p+obhIDOZJ7ltiknscHqHg==$Dm8iMyZvd9A8z+0EJJ0K9JSbq8YaAG6MsnKNdfwUidA=','img/default.png','2014-06-25','2015-03-31',1),('Cathrine','Pontoriero','cathrine.pontoriero@pontoriero.com','$s0$41010$8qssJEGUcYd/Rafs0oEfxA==$5h1NmS9aC8+eDOd2NXhANFw6ZotnsfSVceeD5K8vWLY=','img/default.png','2014-06-29','2015-05-09',1),('Carmela','Cookey','ccookey@cookey.org','$s0$41010$KsxWh8J23/8gyaUp3iCVrA==$VnWcWp7b5jAYzAkyvG1oRgZowEpTJkoYZEUzFIlJ9Pg=','img/default.png','2014-08-26','2015-12-10',2),('Carin','Deleo','cdeleo@deleo.com','$s0$41010$ax2GU3YrPSUBzC7cypzSmQ==$gMibaUE4yeM1WSk6gwcE/g6GMMxwAdohD7PmT5isuiM=','img/default.png','2014-09-14','2015-01-18',2),('Cecily','Hollack','cecily@hollack.org','$s0$41010$IT3+wkVW+2AbaWgoj8MvhA==$IslU+U5BhAdrCJQYihckcoue8UAIkipW9KmZiWwpYAA=','img/default.png','2014-08-30','2015-09-07',2),('Ceola','Setter','ceola.setter@setter.org','$s0$41010$XqzojkQCqB+EwvlCFoJVnA==$Y9znGotIsBJYRTsYqsAnUyEIprdLxOhspA+gr/pqqx8=','img/default.png','2014-03-04','2015-10-07',1),('Cyndy','Goldammer','cgoldammer@cox.net','$s0$41010$2+yGnVEtcBDfAAuJKgNRzQ==$9HhkelUXZQYPd+ZuLhNx4mcZ9OUKNwcxqpECHt8T+pE=','img/default.png','2014-02-23','2015-01-24',2),('Chanel','Caudy','chanel.caudy@caudy.org','$s0$41010$TdU7JkexaQ20FCDZMtKacA==$Uzb7J+SpUmvC5WFTkajNdLWPgwdFpkOARdMS2jH/3QM=','img/default.png','2014-05-13','2015-06-03',2),('Chantell','Maynerich','chantell@yahoo.com','$s0$41010$5vIEyH1NIUGU+aGqNLnTdw==$PZg/aZYGuWt+kIphpi+vpG5eiqAPlR1G22+4PX3tCAA=','img/default.png','2014-05-07','2015-05-03',2),('Charlene','Hamilton','charlene.hamilton@hotmail.com','$s0$41010$AZ6ilRlGqfSNudJaip7jjA==$QvCwuBM710cSonlJ0BiLbLxRV0mArA9QlicPaSG4U50=','img/default.png','2014-04-26','2015-01-07',1),('Chau','Kitzman','chau@gmail.com','$s0$41010$c5OKIxfcePga1tifhjhUfg==$QCN9LILMifcjJcvcKU9KNR84/+oj9aH88efsMVGkdr0=','img/default.png','2014-06-02','2015-10-10',2),('Chaya','Malvin','chaya@malvin.com','$s0$41010$QWwnWHlUjRqwFrBx31tElQ==$4GJnQTqU2UI8OGhmKdBt7YRCIqQf7ytYdjXP4QNifrw=','img/default.png','2014-05-12','2015-08-21',1),('Cheryl','Haroldson','cheryl@haroldson.org','$s0$41010$2huSsvSAHhwkSBu7ZRP/5Q==$qimneEdsbVT/qliEhKYvzMXwl7xMt6LLX58rkkcmTNU=','img/default.png','2014-07-27','2015-12-10',2),('Clay','Hoa','choa@hoa.org','$s0$41010$YxLuWphjjDqKwFJQFfln8A==$HpU30b3snVl48iJt1pYcbFdnxgaoDUl04Wp8SvN3rts=','img/default.png','2014-10-26','2015-09-23',2),('Celeste','Korando','ckorando@hotmail.com','$s0$41010$yj/LPqgPyPah9oWX3dRMSA==$0s3lPfRlqs28fc3HQ/S4JfxSGbO9+mV4ctv1tlxUrlk=','img/default.png','2014-01-07','2015-03-11',2),('Claribel','Varriano','claribel_varriano@cox.net','$s0$41010$FGKok4cQvHgtvRxB98+StQ==$ExtlCpvpD1/AQ8m6BUCTv3/EOj9axF6MVBpRlihOvzs=','img/default.png','2014-06-05','2015-10-07',2),('Cory','Gibes','cory.gibes@gmail.com','$s0$41010$kV7cKsW7hqFsaukmCtke0A==$SJeSWsd6Br/UL+kgeSt2wV9Otx2mCqwYsk7l51Komes=','img/default.png','2014-11-29','2015-06-01',2),('Cristy','Lother','cristy@lother.com','$s0$41010$NKyN0Co5t21Tl7DBD+UEcw==$Tkw/u7N5tyVMzJm9YN0OuDbHA6kvXxJ9XNEvmsgwg2U=','img/default.png','2014-11-26','2015-08-31',1),('Carmen','Sweigard','csweigard@sweigard.com','$s0$41010$kSgX5OdqB5loR9wpjR/GOQ==$dG9yStk/7CFC5iHCFIdE9YznwTaowk/iosL7hwcCTDw=','img/default.png','2014-05-27','2015-06-28',1),('Dalene','Riden','dalene.riden@aol.com','$s0$41010$VHZ/KT5pK0qM5NDDQZwcoA==$jFqkl1/pP3GYZO1R19jTY5rw4y2IK/pUO8ppdg/KfN0=','img/default.png','2014-06-29','2015-04-01',1),('Danica','Bruschke','danica_bruschke@gmail.com','$s0$41010$u2s1iWAYqGp9HsOYTGIMUw==$b/0eJgFgZJm1/4JZZLwC6DI4JLUUdg4Vh8DvMdiuUJA=','img/default.png','2014-12-19','2015-10-27',2),('Daron','Dinos','daron_dinos@cox.net','$s0$41010$y12awxZZdofcngi0aYzgsA==$BqEmY/Eexm2Hp2Yfw8pOYSYV35mso45jS5BdpQeJWSY=','img/default.png','2014-02-27','2015-08-04',1),('Deandrea','Hughey','deandrea@yahoo.com','$s0$41010$5z1D5Cu55mGjIhYH69fpJQ==$GUQ54ydPjUVuxampJXuDe1TzdVAe5enDILoWjvmDLJs=','img/default.png','2014-05-05','2015-09-18',1),('Deeanna','Juhas','deeanna_juhas@gmail.com','$s0$41010$iXff86CmMSFZzqp0avpyCg==$VcQlwszsAU9yOhsdCJWZEnK3MHvtn7z0V3i7NRJi4mA=','img/default.png','2014-05-19','2015-10-06',2),('Delisa','Crupi','delisa.crupi@crupi.com','$s0$41010$+kuhYJh1rt80kMjMwkWzVw==$ENVrStnl5gRnINYUGorUY2X/jQZQjQv/T53Okztz3No=','img/default.png','2014-06-27','2015-02-17',2),('Delmy','Ahle','delmy.ahle@hotmail.com','$s0$41010$5IhZBshTgzzEkXQAA7at6w==$/ffgpcY/1HOXD6PkH/uQBeOX3egy51ThjqdlRiTGlcY=','img/default.png','2014-07-31','2015-10-22',2),('Deonna','Kippley','deonna_kippley@hotmail.com','$s0$41010$fWqXP2J0RVEllXMZy2WaBA==$+MWfuiGqLd3y/lH67UYrdP5cJ/FsKnKAuP5HFvr+TWs=','img/default.png','2014-05-30','2015-05-07',1),('Detra','Coyier','detra@aol.com','$s0$41010$GniCgpCNMb8Flru13Z/MFg==$vdHa8MQ9KsMTDhA4L5qGMQ2y02ia1GinzBp5Us0VORA=','img/default.png','2014-05-21','2015-05-16',1),('Devorah','Chickering','devorah@hotmail.com','$s0$41010$O8fpcPGOxqoBH39EarSf/w==$tAPgWU4rAerPn8IR8TfWJFBZIBpUA8XBwuzkI5zAieo=','img/default.png','2014-08-27','2015-09-29',2),('Devora','Perez','devora_perez@perez.org','$s0$41010$AmErkrT/vVrrIULVwgtASQ==$qU2dTzqkouXnvacwRzrvTESfCFoJif+cEj3TLczUbMc=','img/default.png','2014-02-18','2015-01-13',2),('Dorthy','Hidvegi','dhidvegi@yahoo.com','$s0$41010$QYVdpzZKEQCIlZJHJPTqfg==$DHrmaOdXQIs+qcpyJeb+Buw042IgOvdtUfILXv3HqaA=','img/default.png','2014-10-05','2015-03-20',2),('Donte','Kines','dkines@hotmail.com','$s0$41010$+1ggOhpji7E2O0QGY/cfZw==$Q/wgOa33HxBwhlhK97K5LnzgOmu0e6ITc+gSRUAJxKs=','img/default.png','2014-11-03','2015-03-03',2),('Dyan','Oldroyd','doldroyd@aol.com','$s0$41010$wnrMWWJPE16OXtVudBO5TA==$mHFm2qNlbRweQr4kvz8iJhz7UrIq6FFIDvV1EjyCZQw=','img/default.png','2014-04-20','2015-03-16',2),('Dominque','Dickerson','dominque.dickerson@dickerson.org','$s0$41010$yTLy6C7r4/AVOKQRhvfAsw==$LPLQM/LrPifSDyP5WMsAM7xroRQGHk9/gT6oiIX7FHM=','img/default.png','2014-03-31','2015-10-24',2),('Donette','Foller','donette.foller@cox.net','$s0$41010$NdTgj2i3KKOrUPf/UkT3aA==$20Tho89ttfT0cdlyVGKJuF02Og502hR3ryTk8cAHTH8=','img/default.png','2014-07-26','2015-06-20',2),('Dottie','Hellickson','dottie@hellickson.org','$s0$41010$GMnvlrt9PejKzCbM3VmwCw==$gL49V9XpTBs0gL7I0qicqq/jz9+Acn1LROygJIQJK/c=','img/default.png','2014-01-30','2015-04-14',1),('Daren','Weirather','dweirather@aol.com','$s0$41010$a5aHJf/bKYuMz+ghH9OMKA==$oKLRwSRywjRsDPToBSB2pF1t6nQiDEvncrWiEkFirOM=','img/default.png','2014-04-02','2015-05-10',2),('Dierdre','Yum','dyum@yahoo.com','$s0$41010$NPAvMe0zpw+ARKL/aCxjRw==$JYD7CFSu12gjSPEwEDC9B1OL1SeLL30DI+UwuP4eE9g=','img/default.png','2014-09-22','2015-03-21',2),('Earleen','Mai','earleen_mai@cox.net','$s0$41010$d1oIM4UNK7TYR07ILLDKLg==$mPuyeZPpqRLcXX9YzZVkms2TSahpCdyUzabDTr7vtNI=','img/default.png','2014-01-03','2015-07-08',1),('Eladia','Saulter','eladia@saulter.com','$s0$41010$8eLr0VpljtZiu/L1imduHg==$ney2vur48/g3thrzWrpwzmHFWa9eha4pCb9orwVV3gE=','img/default.png','2014-01-24','2015-03-24',1),('Elly','Morocco','elly_morocco@gmail.com','$s0$41010$rX8lOC+Y6/49uXd/pDQm4Q==$sM4/9lXonk9PnuH8dVe9toA4EiGl5NVTqiWrvv8d38w=','img/default.png','2014-06-04','2015-01-16',2),('Elvera','Benimadho','elvera.benimadho@cox.net','$s0$41010$C+UzbSC9v5m/pxokRmLY/A==$ho1DJgIe+ZR8gZJVwHDYUOupV/q7InPc2ko6BvLR1kE=','img/default.png','2014-04-18','2015-04-08',2),('Elza','Lipke','elza@yahoo.com','$s0$41010$0HorxZd4N2MT2UDR5IFzfw==$axFWxghpSoIYYCVsNsSSva/slCwV/CrfnLqiArkfaM0=','img/default.png','2014-11-22','2015-07-17',2),('Emerson','Bowley','emerson.bowley@bowley.org','$s0$41010$LmunAWn44DUF2fwwA/cv7Q==$TqzLY4hqQd0YC2mJjYPxmYwiWTQ+LA2mYWvHUSaNGF0=','img/default.png','2014-12-10','2015-12-28',2),('Edna','Miceli','emiceli@miceli.org','$s0$41010$FTBfqp7RuVefCLiM/qGT9A==$jC/D3BgRhur+fMEP1ongt+8bJTlQpF3bNeC1CiLkwnw=','img/default.png','2014-07-31','2015-04-20',2),('Erick','Ferencz','erick.ferencz@aol.com','$s0$41010$QevG/X17HWnPZZJzEeDAqA==$ASaOQMAZ8EgMrGE4tE3RyR7jdbh9np3e6whcTHTmcpg=','img/default.png','2014-09-22','2015-08-30',2),('Ernie','Stenseth','ernie_stenseth@aol.com','$s0$41010$IgeyOnpkle4Nj7XLCqMxIQ==$lxwmlOqC/m0OdfzB54uwPS9STSJY8JsKEKXvLTOtL/Q=','img/default.png','2014-01-07','2015-06-23',2),('Estrella','Samu','estrella@aol.com','$s0$41010$efRzo45dPBP1dlk9kn2wNQ==$tYrhDkrTFt51F0YCAZvGEXDRhL4AB0uo4MXAZliFGYg=','img/default.png','2014-09-17','2015-06-01',2),('Eun','Coody','eun@yahoo.com','$s0$41010$egnB9lr6B8bqtdda8IXSqA==$SaVtXmjF+KrPXHUQad1gXcMzBjo2R3nTyc/tfu9kU7o=','img/default.png','2014-02-18','2015-10-29',2),('Evangelina','Radde','evangelina@aol.com','$s0$41010$ARKtA6vu4VPzz0WQla17Jw==$k1oa2geU3um2PZLnF0Q8QuDaB2XtVh8l/iLoYM6VQMM=','img/default.png','2014-01-25','2015-06-13',2),('Ezekiel','Chui','ezekiel@chui.com','$s0$41010$+bnluux16wMEwViOFU/Mow==$cOaboZlr1TdrFOBWdLI3pivg4dwpjFiQiW9SCcRkNcM=','img/default.png','2014-11-04','2015-09-27',2),('Fannie','Lungren','fannie.lungren@yahoo.com','$s0$41010$bTlITXbMGMpwc0p+989zRg==$L7vYeFuBHKbZqVhEWeMFmMkMkzgriY2zDD/PMC8ZvX0=','img/default.png','2014-06-01','2015-09-21',2),('Fausto','Agramonte','fausto_agramonte@yahoo.com','$s0$41010$Fke9uT4vANqz33G+QfZ1Sw==$nkumnr91kfobB+GL57pwGrz+7wA60VDL0TMx3WFaL84=','img/default.png','2014-05-04','2015-08-01',1),('Felix','Hirpara','felix_hirpara@cox.net','$s0$41010$pz8rHxKVRidM9qBb0FEtKA==$mc9jEKvD1JHl9CU2IeTMIj3C2vEQIE0VYWMV1ff7gMA=','img/default.png','2014-09-25','2015-03-17',1),('Franklyn','Emard','femard@emard.com','$s0$41010$N46+Xdc0zJA+R0ea4ezoww==$BYo40co9DojmeEaMJpIp72EpQbBKSSoCHzK2LCeGxvE=','img/default.png','2014-06-26','2015-03-25',1),('Fernanda','Jillson','fjillson@aol.com','$s0$41010$j4SQRBJsP1xndstxLaHXvA==$gzTjy78r0lbMCiHcDxG/xuyk2SdJSoxYfcDTzBg9r3g=','img/default.png','2014-11-12','2015-05-26',2),('Fletcher','Flosi','fletcher.flosi@yahoo.com','$s0$41010$+JrsfORGZpxP9Ka5MtAwLw==$7eQHKumYVxGVTTCLA3RD8HL/xs6s3sefyKaaJWM/g5U=','img/default.png','2014-09-25','2015-04-10',2),('Felicidad','Poullion','fpoullion@poullion.com','$s0$41010$pveMr8gHh2unhLMdElgxGg==$7YGZ4gJdmV8ONX+ARIgiyyyxK9cY8bgDmEZjG2dlgoY=','img/default.png','2014-05-04','2015-05-08',2),('Francine','Vocelka','francine_vocelka@vocelka.com','$s0$41010$PZY50it7mZ7iTWFDvWY43Q==$dryiLmujItWwfmrLT1Af8qOveVNN8JMAzzu3wXuwd5I=','img/default.png','2014-05-29','2015-11-29',2),('Frederica','Blunk','frederica_blunk@gmail.com','$s0$41010$HrHMAdAXMAujtXYGqjXy1w==$VNu4EzubMu2JSaZ903WtUBsGhBWs9uUGwxIalEj/6sk=','img/default.png','2014-08-17','2015-11-05',1),('Freeman','Gochal','freeman_gochal@aol.com','$s0$41010$z/UQEQslI2kF8MAA6ctBaQ==$JO50j8/xUE8QnuJb3rehoGZziFUgmFA6fLiNJzTK6NY=','img/default.png','2014-11-30','2015-06-25',1),('Fatima','Saylors','fsaylors@saylors.org','$s0$41010$IZczMRWsaKMk46tVPktlUg==$DfvykeT4h0u7rU/jVSG6zhvZsWSeiUOjpRr6rkEcX0A=','img/default.png','2014-12-11','2015-03-25',2),('Filiberto','Tawil','ftawil@hotmail.com','$s0$41010$Zu0S7E1KyAKNkmTGas/56w==$RVkPBWq0xg7YXX3Ar7qdxRj5OuCJsZdA0dQXIGHnf8U=','img/default.png','2014-09-05','2015-07-29',1),('Garry','Keetch','garry_keetch@hotmail.com','$s0$41010$1VtuN8IUlPRVb+HKHpr94w==$b2pAqIvqTuxzjGIIsoOe2+19f8JGOlGLRECPna1Y5g8=','img/default.png','2014-04-17','2015-01-26',1),('Gearldine','Gellinger','gearldine_gellinger@gellinger.com','$s0$41010$z9xqwY2wdRLfGM9rH268Dg==$wAJbOtCM9sdiSRkVvW2VIKnb8pFjPP2nB8VcaVSmG/s=','img/default.png','2014-12-06','2015-01-15',2),('Geoffrey','Acey','geoffrey@gmail.com','$s0$41010$AZaGGMIDbVp168E9F0HgwA==$0dLhF2rqQfvbBDcUc7mrjaR+0BGJe1stSBSWYax/YA8=','img/default.png','2014-12-22','2015-03-08',1),('Glory','Kulzer','gkulzer@kulzer.org','$s0$41010$rW/7/xXNVQljQ0U/JdVZ2Q==$YG/arfPiYOiH6uPz7DrRJOP41S3ErdXR/LAux0r6Uic=','img/default.png','2014-10-20','2015-05-01',2),('Gladys','Rim','gladys.rim@rim.org','$s0$41010$aj4pf6WsIZosXFgx1LdR+g==$qlEyXYbswDU3klOPrHAK+oE3udh12RPvH0i10AAkyKk=','img/default.png','2014-08-09','2015-03-08',2),('Glen','Bartolet','glen_bartolet@hotmail.com','$s0$41010$qo8H2QFcjTLRrdNvqSeomA==$NYuhbhDVwLW/JejKH6q1Q0DSUHco7e0EWGcr8dVa0sc=','img/default.png','2014-04-07','2015-07-08',1),('Georgene','Montezuma','gmontezuma@cox.net','$s0$41010$XhZEKtIUe9Iqs44NowD25A==$ZkKLtTuAdHPVaMcnKAKgaOzwTiUuWUfYvF0ruPU6dXM=','img/default.png','2014-12-17','2015-11-27',2),('Gregoria','Pawlowicz','gpawlowicz@yahoo.com','$s0$41010$SU7hDqNfKPj3BYXVeIwPnw==$TaQITGIN3BhsuV/wNJaf/pUQn8WglYN+6Zv4s5VvrNs=','img/default.png','2014-11-28','2015-10-31',2),('Gracia','Melnyk','gracia@melnyk.com','$s0$41010$wRbJAHM8gIDXhfC6noZNWA==$bv+28J0WjG26KRs2IT4zQa2pcCCGtxn/W/tCmokPyIk=','img/default.png','2014-10-10','2015-11-09',2),('Graciela','Ruta','gruta@cox.net','$s0$41010$GW40nkJKD+uB4zLaAo7a8A==$1lVdaSKdcTnyeZmcGxyzbr8rVNXLHXkNt05qXpLzOIo=','img/default.png','2014-03-21','2015-07-11',2),('Glendora','Sarbacher','gsarbacher@gmail.com','$s0$41010$keJnW0vZ25Ff9gCTuvoBRg==$dFGSEPXvuAeLAn/OoR+7eUHDifvWqzNVNyD/UUzPO+A=','img/default.png','2014-06-26','2015-11-09',1),('Gwenn','Suffield','gwenn_suffield@suffield.org','$s0$41010$Nf5kMz6AXzHtOKB0jngPlw==$7WUARpwexl5xOnvAfPF2APeJksBUKjnLy/dsY/dXPjI=','img/default.png','2014-06-09','2015-03-03',1),('Herman','Demesa','hdemesa@cox.net','$s0$41010$zI2uWh4jH71DQLcKSL/BRw==$GoRb8DgvPbf7h1ub2Khex3DaNisy9hLrIBsd/4oPphw=','img/default.png','2014-01-26','2015-04-05',2),('Haydee','Denooyer','hdenooyer@denooyer.org','$s0$41010$bKhya3K48VyiFzbn8v2qqQ==$9WTgEVf13GH1huyoiAE7fVS034YVZKvizvbQoh9No24=','img/default.png','2014-06-16','2015-04-01',1),('Heike','Berganza','heike@gmail.com','$s0$41010$+NTrdL6OuowTUr32ubW1tA==$4zSMtrVdFxH/MlSalsr+mUHBtpuuWVKgCKbL/YX4LOo=','img/default.png','2014-05-27','2015-11-10',1),('Helga','Fredicks','helga_fredicks@yahoo.com','$s0$41010$O2cp5oAh3XNhhhwEpS4d0A==$LFblhOjbTGM8LGJNjZgJiDpL4fcfrt3aqul/hGSEvrA=','img/default.png','2014-03-27','2015-07-31',1),('Herminia','Nicolozakes','herminia@nicolozakes.org','$s0$41010$sKysl+6wurSD5KMnDUfpxA==$1OK3yxWIvr4++3sxtHuu1oLmU0e13XfBxQ2XNhf3ay8=','img/default.png','2014-05-22','2015-06-15',1),('Harrison','Haufler','hhaufler@hotmail.com','$s0$41010$AsV5jKi+W9VV0PNkALCtXQ==$GSSh1vSpm+UhVvWA080xhWR8+GJvC1UvXz8Eg628A1g=','img/default.png','2014-04-05','2015-11-05',1),('Hillary','Skulski','hillary.skulski@aol.com','$s0$41010$CVcuw8dx7v/fui7rUL1erQ==$O6+8MckXIlWelrZK/h0qNkDqYM1kFGKrLkWhvHuVkFk=','img/default.png','2014-12-28','2015-07-21',2),('Howard','Paulas','hpaulas@gmail.com','$s0$41010$BR48aIIUMEiTk+9HVw8GNg==$/ObAwfG6IfMd+jm3+gbaolMYZMoaWQBXQsfZU/o+8uk=','img/default.png','2014-10-10','2015-03-27',2),('Ilene','Eroman','ilene.eroman@hotmail.com','$s0$41010$vO5bP7JbFMqZL7BF1wgEUg==$XHHHwtKs2FN8t9DlczISeRhQmezbYIZeIotrTqldx1Q=','img/default.png','2014-06-18','2015-10-12',2),('Irma','Wolfgramm','irma.wolfgramm@hotmail.com','$s0$41010$VQMMmu3MYUOGizCQmfIJaQ==$d6PAVjcHBMRsmjYIbKcgtbp1fsu5fZVrA+XY51TKCH4=','img/default.png','2014-02-28','2015-11-08',2),('Jade','Farrar','jade.farrar@yahoo.com','$s0$41010$/F1PDyXPWoYQJWn+w5UWAA==$QpPK067wEFJnSSywC53mKGHoaDhTPx2G3ilCm8lXbZA=','img/default.png','2014-03-13','2015-08-28',1),('Jamal','Vanausdal','jamal@vanausdal.org','$s0$41010$n+TsW30hKrhtqhPqceQY7A==$sN3gHndK1n5zSPeVemNIC0c4obJqwlIYqaieOOy9OLM=','img/default.png','2014-05-14','2015-03-05',2),('Judy','Aquas','jaquas@aquas.com','$s0$41010$JgNAP7oaoUNZO/Q8kHYiUg==$CLo61OdgHuDTa0LFTUmanU33ifZij2/sbT8qXPNEwvY=','img/default.png','2014-12-12','2015-10-17',1),('Junita','Brideau','jbrideau@aol.com','$s0$41010$ghtxqhwlWjBa/NJumx0guA==$cnrf1xw5R7ZM2t3v+n7VJnzp14+KI4AOhVOo9CjgTrY=','img/default.png','2014-04-14','2015-01-22',2),('James','Butt','jbutt@gmail.com','$s0$41010$jEg05/zDWeeOS7VlFQ25Gw==$KKX4slQt+RblmAY/7dQ7GqSLzbE4kJDBt3qGuNLOG+I=','img/default.png','2014-12-07','2015-08-09',2),('Johnna','Engelberg','jengelberg@engelberg.org','$s0$41010$CEeeo9sgMY43clyoFORkRg==$9Ub370PIuH1r6bVUSvkOjNZ8KTns0uADVD1L2QvAJ8s=','img/default.png','2014-04-16','2015-04-18',1),('Jennifer','Fallick','jfallick@yahoo.com','$s0$41010$Dt1NTo8badWIaYNu1xsfag==$7BTg51JQS0wYM6P+Y5whJTB8ssPHJWbmZ5DdbawGPFA=','img/default.png','2014-07-09','2015-08-13',2),('Jolanda','Hanafan','jhanafan@gmail.com','$s0$41010$sVltTypvjB7JoYAWrWB0kg==$/MNeLxv0ZIektWglvJvCgrHi+QQJ+3k3oCi/ZcjayEE=','img/default.png','2014-08-30','2015-04-06',2),('Jina','Briddick','jina_briddick@briddick.com','$s0$41010$xqd91SUdTapEKDcuCQc8vg==$HgqxAM+q61OsLlpRfDHd+20n25JkMTpn+TijLPoflXo=','img/default.png','2014-02-24','2015-03-31',2),('Jettie','Mconnell','jmconnell@hotmail.com','$s0$41010$432otxw14VaZ1ot7/ktx8Q==$uKC7bmLxYt7Grt4e8rtD/0BrhCRn0uewV2oFRpxK1Xk=','img/default.png','2014-08-19','2015-01-19',2),('Justine','Mugnolo','jmugnolo@yahoo.com','$s0$41010$UMHeqsvIdqU4g2S/khrm9A==$TANn3mAWRZ9ngUMzVSB37n7PaQ0l50IX3S5ymGzAb8Q=','img/default.png','2014-11-23','2015-11-30',1),('Joesph','Degonia','joesph_degonia@degonia.org','$s0$41010$0IFy+oX2Wc1DasPO9n+C3w==$lQqys+fjQjqdnz8GmH4t4dur2AGGZwiRHHD3Rxe0rkU=','img/default.png','2014-05-14','2015-05-15',2),('Johnetta','Abdallah','johnetta_abdallah@aol.com','$s0$41010$7oIGKMUQjHVMlTORqn4c+g==$5WpARJPFvRXMAaHT0yqoDekFk2VeW2s59kTU+/Qkzog=','img/default.png','2014-09-13','2015-01-15',2),('Jose','Stockham','jose@yahoo.com','$s0$41010$E2I6bP6s4leIij9/MnDHsQ==$wfU0Pftum5yE8ycKPs1JKGgNXfWS0ePSj/FlHRCkd+E=','img/default.png','2014-12-25','2015-09-03',2),('Josephine','Darakjy','josephine_darakjy@darakjy.org','$s0$41010$rYVT4Ea+YRIUZP8srhulAg==$+roIlyii6iKpiIyLezRAaaPAwKHXwB0cp5PoxcETNg8=','img/default.png','2014-05-15','2015-02-01',2),('Joseph','Cryer','joseph_cryer@cox.net','$s0$41010$8DQSsI5w7fHMlf4E1HVkXw==$jqsKacbJmZT5ct8JENF4XBV8rEacyCsOvBYvLPQb3MM=','img/default.png','2014-03-29','2015-02-22',1),('Jesusa','Shin','jshin@shin.com','$s0$41010$0e3om/G9mX6dHhz7qm+2+A==$j3+c9nlZQ4jVrOLJJGoCUi1wfdtql1/rSgC9AdpZ8Xs=','img/default.png','2014-08-04','2015-02-22',2),('Junita','Stoltzman','junita@aol.com','$s0$41010$X1XR3zUVT5r8+vFfKPUEsA==$8eloPRyjcusjusT0Qq0R1CoqVfAdqjj1huRIO+6ZSew=','img/default.png','2014-05-18','2015-03-30',1),('Jerry','Zurcher','jzurcher@zurcher.org','$s0$41010$MAS//6zu1ELp0txfKT82iQ==$qjY+7EUqT1IslKSW3WGB1mB3R2ZpNoDy9vfBmICkR7A=','img/default.png','2014-12-07','2015-03-19',1),('Kallie','Blackwood','kallie.blackwood@gmail.com','$s0$41010$1H54nsI8xTfB/DrxrEk3/Q==$Ld9F7BojfUvynaSH53UFzkhIbjOHTcd2pnwoP77dYME=','img/default.png','2014-07-13','2015-04-18',2),('Kanisha','Waycott','kanisha_waycott@yahoo.com','$s0$41010$+ih8YGQ+A9t97pErUqpgzA==$rtiPHpvLIfTvilTEzPx6qMKodGvqU/p5zu78L4vIimg=','img/default.png','2014-01-22','2015-03-23',2),('Karan','Karpin','karan_karpin@gmail.com','$s0$41010$2wTcTj0vuFa1YPHelm2r7w==$P7ZqrC6GkOidSPyme04VEeMIx+TGd0vcHBX6um41jZo=','img/default.png','2014-04-12','2015-05-10',2),('Karl','Klonowski','karl_klonowski@yahoo.com','$s0$41010$UIGnGpkUC0wr32+98VDMdw==$bfNRQZdfoQRSl1TpjCceCL8C9UNwX+HCm9d8ok8B56o=','img/default.png','2014-04-24','2015-02-12',2),('Kati','Rulapaugh','kati.rulapaugh@hotmail.com','$s0$41010$R74xYEkUQc6DqzhvT9mu/g==$128tLIzzapj6bIo+bUnhZV7teDITPqkwL07nTWQQoYE=','img/default.png','2014-10-28','2015-04-05',2),('Katina','Polidori','katina_polidori@aol.com','$s0$41010$pucmB3AyGLQYDfdrXzt92Q==$5ovD7rGusHbYOgY1GC9kzbor6jmIK2z5haRKGL1byvo=','img/default.png','2014-07-17','2015-09-08',1),('Kayleigh','Lace','kayleigh.lace@yahoo.com','$s0$41010$YsEo3JzB2jxhXfJLTvnLVQ==$PTkxZ+wddepC1nSHmY700fn4aT9p+GMAVrXwXsvtUE0=','img/default.png','2014-12-02','2015-06-10',1),('Kerry','Theodorov','kerry.theodorov@gmail.com','$s0$41010$Dk+9nQ+BEhZ1LEdt7GKN/A==$xKuKlpBmRgO9B3FT7ELfUtFspcgNPfxIBY7iOu18BFM=','img/default.png','2014-07-13','2015-03-23',2),('Kiley','Caldarera','kiley.caldarera@aol.com','$s0$41010$8j8zo6omDfV0HgRJkQxUXA==$ezpBVQ7UHnI92W4afojNnXKP8qBoMjkFK0SbpBQbON4=','img/default.png','2014-04-17','2015-09-13',2),('Kimberlie','Duenas','kimberlie_duenas@yahoo.com','$s0$41010$2P2RUhiGYhqJ06CrgMmczQ==$mpKI+cqCfW2BEgNaSdpqLJA3nqY6mnUGoZPuJA41d3s=','img/default.png','2014-04-19','2015-10-15',1),('Kimbery','Madarang','kimbery_madarang@cox.net','$s0$41010$PLpOwEuBjvTjmZIpJgzsiw==$BEkl5wLrB9qzLSzmtVM7Xr9lpzpLoIsESxpg6BPerv0=','img/default.png','2014-07-18','2015-04-01',2),('Kris','Marrier','kris@gmail.com','$s0$41010$ovWZIDLGLXJzyGdo5zfeTg==$9nS9aPatqVh+76Hrh0vl2R3xH4TVExwweoU0icgabes=','img/default.png','2014-03-25','2015-04-27',2),('Lai','Gato','lai.gato@gato.org','$s0$41010$2iGK0JQU6rVy0FF8bO8TjQ==$vufuakbgOSy7Q4TWBvTrYUrc66SLVq+5C/TxTcqX7Mg=','img/default.png','2014-08-27','2015-01-05',2),('Larae','Gudroe','larae_gudroe@gmail.com','$s0$41010$/IIGNcaRxKaaX063v87PIg==$C6LwfRjY7J+EwQcKqed62rY/1VyFwZ5gX3STQxHNfBQ=','img/default.png','2014-03-27','2015-09-02',2),('Lashon','Vizarro','lashon@aol.com','$s0$41010$z8bVYGuHhDN4W+P7DF4ILg==$muH+eX7ksJB0hBAQnRbR0PbetFEMUTEcvRMUWJYuQGE=','img/default.png','2014-02-11','2015-10-31',1),('Latrice','Tolfree','latrice.tolfree@hotmail.com','$s0$41010$ddDtMy2oTj200h1ycqgfSQ==$K4pbI0jRC8wgJ/IH77ohwpvKErmUs8tOCXuHBVE4BqA=','img/default.png','2014-04-11','2015-04-16',2),('Laurel','Reitler','laurel_reitler@reitler.com','$s0$41010$87vjprTyVlj//Fr47o7T4g==$6MJBJ89GFFPKQcuSd0UXo2Wj8A5XllyUZ5PDLX/Rptg=','img/default.png','2014-02-26','2015-02-06',2),('Lavonda','Hengel','lavonda@cox.net','$s0$41010$dVkoVGNatxtsMPjgwv90+g==$pNt1tACVhJKzz1MK/AHPghdXqyFKqo6y+PEgj7M9yuY=','img/default.png','2014-09-05','2015-03-05',1),('Layla','Springe','layla.springe@cox.net','$s0$41010$9a7JlgH1aPhXUzuH7ovmOA==$M9Dl2JJEzC2iyIz/QTmgK0x0AjaXc2u2zvOUmA18JCE=','img/default.png','2014-03-07','2015-12-23',2),('Lauran','Burnard','lburnard@burnard.com','$s0$41010$SZw5VZdJ6Y1N5Hw+gzAEMg==$3mW2eJBCOxmhCemlsxfrvOVswmtBzzYno58QTx1cmxE=','img/default.png','2014-01-22','2015-07-23',1),('Lemuel','Latzke','lemuel.latzke@gmail.com','$s0$41010$taX2lLo8/RLSJCxSNb8VXQ==$cANIFcbWzYLEg+xCfYjGaJBtW4deXZ64Pc6cY0UMpUQ=','img/default.png','2014-10-05','2015-08-21',2),('Leonida','Gobern','leonida@gobern.org','$s0$41010$IfTXs//lxbKqsnRaoDMyCA==$HR0yPhINBmFA1y1CaXPEHh0E+JKjvVYaG39BOXzdF/4=','img/default.png','2014-07-28','2015-10-16',1),('Leota','Dilliard','leota@hotmail.com','$s0$41010$uqnK+enFj4XQf8SwPQhNVA==$TZowewdahRm01YQqepRREX7YST92LE8ps5RH3TCiOg0=','img/default.png','2014-11-29','2015-08-26',2),('Lettie','Isenhower','lettie_isenhower@yahoo.com','$s0$41010$8ov6UqMygd1ZoK3K4BH1wQ==$yz748qYlLaJJ7/Qj5YwTSvgFYKrKFGzIhbxGsufggdk=','img/default.png','2014-11-18','2015-01-07',2),('Lezlie','Craghead','lezlie.craghead@craghead.org','$s0$41010$tNpj68n3DmlzXRfeBF/Drw==$6zpngV83DhwPZoRCxfDY5pFPiunjAFhmkduD1zv9G0Q=','img/default.png','2014-05-11','2015-09-12',2),('Leatha','Hagele','lhagele@cox.net','$s0$41010$OWySdwmK/WTUnuecCaCeyQ==$VcxTAx+aQmyLNCuN9fulblTiQvVxvQjAHXSh94qg2+Y=','img/default.png','2014-04-30','2015-08-04',2),('Lindsey','Dilello','lindsey.dilello@hotmail.com','$s0$41010$dr9J4VoVAssU2eTyNZH+TQ==$MTuYGUIYZhUxe8xg+boOXVVS3K7siCzI+wbwfn2lecc=','img/default.png','2014-10-21','2015-09-30',2),('Lisha','Centini','lisha@centini.org','$s0$41010$ZJR/mTL1NcGR02J5ruZWNw==$DEKoQ0U1Pw9R/TiYDXP+P+tklCgaowgdd1TIHk/IrMY=','img/default.png','2014-05-11','2015-12-19',2),('Lizette','Stem','lizette.stem@aol.com','$s0$41010$iATaUamqwAobDWzkh25i5w==$FMvUSA8PvQ7QnKxgLRmNkCqDrKPaEq7KXUXEcYwj/6w=','img/default.png','2014-03-01','2015-06-07',2),('Laticia','Merced','lmerced@gmail.com','$s0$41010$lwcts9s0dmaDOblj5MrI8w==$E2ZoNM4GVZGjp2nUNJiFobEgO2BvctkaNKyN4egrnmk=','img/default.png','2014-11-07','2015-11-22',2),('Lorrie','Nestle','lnestle@hotmail.com','$s0$41010$riwqypTwwWEszORTjb/MSQ==$RbpvbB6V/O7aygc5On7v0PVhEFVWkOlB/gWEUZQnYHU=','img/default.png','2014-12-27','2015-10-08',2),('Lorrine','Worlds','lorrine.worlds@worlds.com','$s0$41010$pl+ndULH7UpjNxb6UROdNA==$QWpll84adNJ9nR99PCKL0cg6LqMC3XUVCviJadevGgI=','img/default.png','2014-03-24','2015-08-04',1),('Louisa','Cronauer','louisa@cronauer.com','$s0$41010$Ur94jYmS5KDqtnJQizPEMA==$XYXkm3fAUETf9LgN3o52D8QUmtReF5oGM8WJ2AWkrY8=','img/default.png','2014-03-27','2015-02-04',2),('Lenna','Paprocki','lpaprocki@hotmail.com','$s0$41010$cgX7y305CCbDkgxFjWSPYA==$jcDULA75wsjoQTtzABr4bfxRkY+x+eqSIF7bK6c1kTU=','img/default.png','2014-08-29','2015-11-25',2),('Lavera','Perin','lperin@perin.org','$s0$41010$0P2FOvrkzaAyDVLQeNs9TA==$srTdF4wfPKcOIQnVt3a/EX581pzRGpkOQxFY7U5v5ZE=','img/default.png','2014-12-05','2015-03-26',2),('Lucina','Lary','lucina_lary@cox.net','$s0$41010$xtx0nM2jVmJ6yuBv5Ofkvg==$PhTgO4Gt1uNxr21EKK7nt17vb10mIU6PDU23Tw/sTs4=','img/default.png','2014-10-05','2015-11-04',2),('Lucy','Treston','lucy@cox.net','$s0$41010$jMryZZo4sr6vUs/RnubvtA==$nAHQ5ZDhiMeoUBDHOpqdVWfbMpFkZk7nqETG2zas+3s=','img/default.png','2014-05-24','2015-09-12',1),('Malinda','Hochard','malinda.hochard@yahoo.com','$s0$41010$sum+dTAW/F8m6MIF71EwPw==$CrRYZ3ZoBcwhjyjkrWmddpbBbEqkzahfo5iRA7vACGA=','img/default.png','2014-07-20','2015-02-13',2),('Marge','Limmel','marge@gmail.com','$s0$41010$PSaAyyWdGNGIrQ8KrAuktg==$rZsOcsFYokD7EY09aNJcfO1ZYutAF0Z+zEXqgVtzeuw=','img/default.png','2014-11-30','2015-11-02',1),('Marguerita','Hiatt','marguerita.hiatt@gmail.com','$s0$41010$M9GgnXIn5fAQQOhkvA9ssw==$H/Fmm0EhvFwjEnjlR2536D6Z8e0F7JnccxuaEoa9Ptg=','img/default.png','2014-12-20','2015-08-20',2),('Marti','Maybury','marti.maybury@yahoo.com','$s0$41010$iG7wnkCQ+AID656c3Ji/8Q==$4zArntzD4FuTP3wzl9+1ZoiNe3Ew+8G/XiJRkwk8oeo=','img/default.png','2014-12-24','2015-11-17',2),('Martina','Staback','martina_staback@staback.com','$s0$41010$HDx96/Ov+rOvjTcmJTFA/g==$feC+emiUgHv0mCZQDt4if/b0l/4JWqRQtjP2IESXXq0=','img/default.png','2014-11-30','2015-11-24',1),('Mattie','Poquette','mattie@aol.com','$s0$41010$adYOMmv0uOnw9iwRHLCuAg==$L1twK9mxsqTorkHcvH9DLumK2gilVniXpN15YPHOuLo=','img/default.png','2014-07-12','2015-04-10',2),('Maurine','Yglesias','maurine_yglesias@yglesias.com','$s0$41010$ZM4Rvb7OytRkQGM8luaUDA==$JQV2Leg9dTSwq+IeXPNqoGWU8UuMT0R63g7jFAeOCck=','img/default.png','2014-03-21','2015-09-15',2),('Meaghan','Garufi','meaghan@hotmail.com','$s0$41010$CT0bi9ny+mxJyFfmYcC34g==$PBdeYJT34w19HawkmaHjPp/SqCxHJ4NKsZRYaZqV3zw=','img/default.png','2014-03-15','2015-07-13',2),('Melissa','Wiklund','melissa@cox.net','$s0$41010$+AWt+V6gnuw3GKbWx3Zg/Q==$EBkDkMFpZn1fai1Cp9UbtTrXnSYUgKPNeBCzsYHNWvw=','img/default.png','2014-09-01','2015-03-25',2),('Merilyn','Bayless','merilyn_bayless@cox.net','$s0$41010$EPbi77p02nMcK7nHkzegZA==$f2HxQKkdx7Vwc5/CvRRihYfGcVrlEbiiN26vraKPtgE=','img/default.png','2014-08-14','2015-01-16',2),('Merlyn','Lawler','merlyn_lawler@hotmail.com','$s0$41010$Qg9bId/WogQ80o8VRU4NZQ==$5HhmeucHiy7x+xvDqPQkGfBbvxC7YJEkhXlmlSg/PIY=','img/default.png','2014-10-26','2015-06-11',2),('Micaela','Rhymes','micaela_rhymes@gmail.com','$s0$41010$HE9hb4otxGXuhDc0ydJzvQ==$LNmE1iyAT4kMVqtgOye8P7NGlsneqeMfWAQt1hDLX5I=','img/default.png','2014-12-11','2015-03-02',2),('Minna','Amigon','minna_amigon@yahoo.com','$s0$41010$6P3UbklIAt3IJ1Dm47/epg==$mgnGHleOIkKZIb6yS9M68JV2jOXSrUAhsdN/5TXaiI4=','img/default.png','2014-01-02','2015-05-26',2),('Mirta','Mallett','mirta_mallett@gmail.com','$s0$41010$QXtAyC4DXHjgeqzyNpOlPQ==$HslDtHq0bstabzGXKtQGhRumJddiE8Ov+lQRb/Eih98=','img/default.png','2014-12-10','2015-05-31',1),('Mitsue','Tollner','mitsue_tollner@yahoo.com','$s0$41010$LFafsqe8cCXBhIzQgpJgZg==$K6uG1yaLXf06u3FpezTNOkoaO4+TufEGkrkJ0jKVE1E=','img/default.png','2014-05-05','2015-08-26',2),('Melodie','Knipp','mknipp@gmail.com','$s0$41010$HXEFE9K/dWoEKrQO18cibA==$HYpHbkNtfFPrbv6Jnhk3b34Rlfo8FZ3NkFrvxJM/Fjo=','img/default.png','2014-07-15','2015-05-15',2),('Ma','Layous','mlayous@hotmail.com','$s0$41010$Bhanma0e4CfAVd42VhaVXg==$1sk5LRwF5S3QSMsjc3k4syPVXavVfQPhAgL314F5aEk=','img/default.png','2014-08-01','2015-10-28',1),('Marjory','Mastella','mmastella@mastella.com','$s0$41010$Buw3myZu/OCMbZuMIsefrQ==$WBii4izaGShnmxJgo1njqmSVuByJDRgKskSvcbaFDJg=','img/default.png','2014-03-19','2015-08-09',2),('Myra','Munns','mmunns@cox.net','$s0$41010$ZGbZ1eBRuLQqv71C6TjfpQ==$OOCmVzYZe1JlgjhbdlLFZoPv6SwCkdKD3NvKUdtZCxc=','img/default.png','2014-09-24','2015-12-07',2),('Matthew','Neither','mneither@yahoo.com','$s0$41010$FowElvJfVH7nCzIr2sMagQ==$RjZtbhGbGZbGZMCb9MReYJnoIGQSHzfjtzZDxCq13Ys=','img/default.png','2014-08-18','2015-05-05',1),('Moon','Parlato','moon@yahoo.com','$s0$41010$G8vOovV1F0IzTXK9CEV4Yg==$lLHC1la6chvVSHAg6Msu6kpxYGnq7MxzSZVSAIvaq7c=','img/default.png','2014-12-22','2015-08-18',2),('Mozell','Pelkowski','mpelkowski@pelkowski.org','$s0$41010$pO9SbmlRQ8knY07fUlyhvQ==$c3DJjvqE58FjK7Assck5abFnzHii8IM+/9q+QMRp4Ec=','img/default.png','2014-11-30','2015-12-26',1),('Marvel','Raymo','mraymo@yahoo.com','$s0$41010$Zj0/1qJMCwvvBEI6i93tPg==$QsbK50misB5ny8hiPlnCtILN6q1U9mUQyU3rPpciRgw=','img/default.png','2014-11-13','2015-07-17',1),('Maryann','Royster','mroyster@royster.com','$s0$41010$iF2QbN7okoUdIaen+mQKlQ==$xgvRqPi7D7O+To5pZKxro3DcJKqTG1Nn1jOIHxFQtug=','img/default.png','2014-06-15','2015-02-19',2),('My','Rantanen','my@hotmail.com','$s0$41010$PeWtzb2Ohi9mdwb4PijwzA==$4CZThBKECxpcss/1Rw7ByPwe70yhe72eKzBqk5rhXXY=','img/default.png','2014-01-10','2015-05-03',1),('Nana','Wrinkles','nana@aol.com','$s0$41010$lAKsLNK/MrIAi9wpKo4qCg==$REY3GDm059RhyyiVOq5vxazKevMNoUzN/mI5r6Jdw7s=','img/default.png','2014-02-17','2015-04-19',2),('Natalie','Fern','natalie.fern@hotmail.com','$s0$41010$kWOrTB+YIFtKzTW2k8Qmyg==$h8uI5rx3aoDkr5BOM+hOFWSY3iypFWfWUNqpNDQ+oqw=','img/default.png','2014-03-27','2015-10-28',2),('Nelida','Sawchuk','nelida@gmail.com','$s0$41010$tFlNiu7Usjf5XElUB6ul1A==$I5YsTDac7Wq4LpCrQbXcq9xwL1qVh2hwsKEo3OasB08=','img/default.png','2014-04-21','2015-02-24',2),('Nicolette','Brossart','nicolette_brossart@brossart.com','$s0$41010$rzjuSv41iDjJZs35tp6iXQ==$BsB3W7JmKsZECdoyeHmOK7DmmOnXaMpfaj2fAm3u3pc=','img/default.png','2014-01-03','2015-07-22',1),('Nieves','Gotter','nieves_gotter@gmail.com','$s0$41010$hUAK3p1vALe+bAq+/lbnQA==$xTwSuVGD/YFefF/m8OQesDEcUnn/60RbCMOxWy3XLpw=','img/default.png','2014-10-04','2015-09-24',2),('Noah','Kalafatis','noah.kalafatis@aol.com','$s0$41010$+eBCMSCUmIVpLO7hR/BjBQ==$JtgvsxSjKgETTk0ulcILdtoJhPFbAsqCutIADdNpENQ=','img/default.png','2014-10-14','2015-10-25',1),('Norah','Waymire','norah.waymire@gmail.com','$s0$41010$KW0Xg23Pl5oo1rh8qR0MeQ==$4+t0KTgvUV3P7kKHHy/wdJoRFbcRzNqn09P/VGg+xIo=','img/default.png','2014-09-15','2015-11-18',1),('Novella','Degroot','novella_degroot@degroot.org','$s0$41010$NRu2OJQRRTKLjm8mrbOn5Q==$nfobsPzvTF+mkxl/+M45P/P3LvvgsIdFUj1r/+7w0Dc=','img/default.png','2014-02-18','2015-01-05',2),('Oretha','Menter','oretha_menter@yahoo.com','$s0$41010$lOONFGDad0rPkv9v6sGbYw==$Etggseay1uC38ovw112f/fAxbEV1McrO0x2LxD59bJs=','img/default.png','2014-08-06','2015-09-11',2),('Ozell','Shealy','oshealy@hotmail.com','$s0$41010$c3pCxw2CKRrqRPEISVffAA==$Au1Bi0PWvpt075G8Cs6PCjE/QCT07IbiVHkcR7r6wGI=','img/default.png','2014-08-09','2015-08-05',2),('Pamella','Schmierer','pamella.schmierer@schmierer.org','$s0$41010$fsPDtBQhBbRlsN+6pMjpYQ==$eSQhE08+4Wdh/FBbc7doxyYeHEjPp08Bs2ESmzvMl94=','img/default.png','2014-06-25','2015-12-06',2),('Pamella','Fortino','pamella@fortino.com','$s0$41010$YyDlnoayQ+3d6potCCGuuw==$Rbze9BGxomuTIzUIRF3sWSxDda22A6JaA+WSuQIb6vo=','img/default.png','2014-10-19','2015-08-06',1),('Peggie','Sturiale','peggie@cox.net','$s0$41010$wEPdV0mrdRvwhqbcRZL0gQ==$D/nx6hq7uAMn0qPjGMNFkDzomLsUvOOAFXA3udK3qto=','img/default.png','2014-01-30','2015-11-12',1),('Penney','Weight','penney_weight@aol.com','$s0$41010$KzpEJcEsNtHfh9Dz4U0Dtg==$iNe8lqPenI3TuSO6/60W1sZM+UZ/7twkX5dI/GDD65M=','img/default.png','2014-11-07','2015-02-18',2),('Portia','Stimmel','portia.stimmel@aol.com','$s0$41010$MCPzTiWll4h/9gYTf93lgw==$/oYNjvQGMajfQTk/uqtbyaSm75SZ2XYF5kbl6mCLI+k=','img/default.png','2014-05-27','2015-11-12',1),('Raymon','Calvaresi','raymon.calvaresi@gmail.com','$s0$41010$xAkafWw2NnQPGlLDCvbQog==$Ly67tF3XHPYM4I67tac8+MmDwzRiSgrH4qg92lVwI+8=','img/default.png','2014-01-10','2015-02-09',1),('Reena','Maisto','reena@hotmail.com','$s0$41010$7bxILG80nT/DM5WMwC9/MQ==$+kOMDmwlBnPt6I7gNS/09JNgxXn17JN9WsxW3Cfqohs=','img/default.png','2014-02-11','2015-03-01',1),('Reita','Leto','reita.leto@gmail.com','$s0$41010$vyRk/7Y9gfcr2LrN5jK9rA==$d1yZR+Xx7SlObBjyYte8LFI/Gh819zkLrK23uGkOFKE=','img/default.png','2014-06-11','2015-09-28',2),('Ressie','Auffrey','ressie.auffrey@yahoo.com','$s0$41010$4Dnu5IuwrkQNo/uD3oPPNw==$xnXSLkHHAEdARNezUuiLDG4BrvVSSZH4AdMHw/1u4FI=','img/default.png','2014-05-17','2015-05-29',1),('Rebecka','Gesick','rgesick@gesick.org','$s0$41010$fLZQCZD2DjtWasPh57GSRw==$xCvr3rEMOg/x93wLRO12iQuc+PA4d3PPHdtgVknceyQ=','img/default.png','2014-10-19','2015-01-28',1),('Rhea','Aredondo','rhea_aredondo@cox.net','$s0$41010$ilkUMVhmWnMLakg+BVuJSw==$qpYYAhqF6KkgTpLlASNBAzT78+3nFHM3SZUYdVAH+80=','img/default.png','2014-04-16','2015-12-24',1),('Rickie','Plumer','rickie.plumer@aol.com','$s0$41010$dMOCyX7HhsDaERzwl4erbw==$U9mChjF5M3XihLiNnV8jQlDjsplUom2/cNONAPnURVs=','img/default.png','2014-06-22','2015-03-14',1),('Rima','Bevelacqua','rima@cox.net','$s0$41010$3CP9HcDednNyVWiperp2rA==$5Gi2pH6PBcpg9K3NdYVtbXWNtF46XWS/A4dobDL50Eo=','img/default.png','2014-09-14','2015-12-04',1),('Rolande','Spickerman','rolande.spickerman@spickerman.com','$s0$41010$dzzf9FzFfNPHKPbGcVlmGg==$wIf8lGudAzYgbbsf100wOsM5fTRTcw7EuygM1EXKtCw=','img/default.png','2014-12-18','2015-03-14',2),('Rolland','Francescon','rolland@cox.net','$s0$41010$xphapkXzOSO9uxHARzvr/g==$bPDfgcbZRktj+0NTTjiQEO3/4nCftur0n+/otx0IlBE=','img/default.png','2014-06-28','2015-07-31',2),('Ronny','Caiafa','ronny.caiafa@caiafa.org','$s0$41010$vHBou1WMmjwkGXTFl6HnKA==$iei7oMTMFI2yL65v8ERV/lNHmaJTae7v2sT8qsyi8Q0=','img/default.png','2014-05-04','2015-09-16',1),('Rosio','Cork','rosio.cork@gmail.com','$s0$41010$Jm3SyGvvoirLO+5Inom9UA==$PCm7m3ggyT+MMopkVOXZguMol2pkFQ4vWyoINj21saU=','img/default.png','2014-03-20','2015-03-04',2),('Roxane','Campain','roxane@hotmail.com','$s0$41010$AwgwfzeAwIifyGVMcwoqBw==$Iwej7utroI/UhiK7Ho5d9sCdYIrneysusJsvFDK1LeY=','img/default.png','2014-06-24','2015-02-11',2),('Rozella','Ostrosky','rozella.ostrosky@ostrosky.com','$s0$41010$lTbfDmFC3lwoVP2E+Rk+7A==$DMXue4hRadYyBixHYSdIji97AqLjJ44EZW/UBMa42O0=','img/default.png','2014-08-26','2015-05-09',2),('Rory','Papasergi','rpapasergi@cox.net','$s0$41010$huu+M+gQ/RByvzESrgISew==$Q9vojEaVwVb7ogI6HcsqUry2kVNEIF5o+Pf0/ZgyFPc=','img/default.png','2014-08-15','2015-09-08',2),('Raul','Upthegrove','rupthegrove@yahoo.com','$s0$41010$lId1uC5Sdd5E244MFyyr4Q==$EdtbeF1ehO1yZDkEXSgtd6x4X7CsY7Jl+aupAh7j2M0=','img/default.png','2014-07-15','2015-12-30',1),('Sabra','Uyetake','sabra@uyetake.org','$s0$41010$IXrSDxuyN6xJFdaBvkUhwQ==$x53Msfbs/QnkA64NK3c4WglP729ddaWAEYNNjLP82Yo=','img/default.png','2014-05-09','2015-11-15',2),('Sage','Wieser','sage_wieser@cox.net','$s0$41010$NMtNz35PmbhIYoE0O0io8g==$TiYKKO8QHZWah5QtQw7mJ+qCW2vfnZ3lGMvB8ZkPmM8=','img/default.png','2014-02-06','2015-04-12',2),('Sarah','Candlish','sarah.candlish@gmail.com','$s0$41010$pDDWC433xILeo/ufyFGMFw==$TS9OezxXf7KmqXshpqB6W+lKx2++d6tiDGMNhxO46DQ=','img/default.png','2014-07-18','2015-12-06',1),('Scarlet','Cartan','scarlet.cartan@yahoo.com','$s0$41010$lEzrEJW96MRyGXYp/w50hw==$mcVgjBt2GrWhm234BzAX1XHiSHXXCZLslrB301txl5Y=','img/default.png','2014-01-09','2015-04-29',2),('Shawna','Palaspas','shawna_palaspas@palaspas.org','$s0$41010$chK6ucUxruAGF05Advfgtg==$5rWeXoeClkaiS83+1hxT2J0sbOXqdKPGUd/g7MCNPLc=','img/default.png','2014-08-23','2015-04-30',2),('Shenika','Seewald','shenika@gmail.com','$s0$41010$HBlCaGB4uzhqicWYMPia0g==$wjn+RkFiNN9WcEPClCw+Hp3ZxMyAvmZ/vWzANLEoCik=','img/default.png','2014-01-24','2015-03-17',2),('Sheridan','Zane','sheridan.zane@zane.com','$s0$41010$j0zZ0gz5ZEBwmQxGD8AWxA==$w1BNnxJ5OcxA1SKvPGKBZoG/vw3JmR9hqLlsyknbBLY=','img/default.png','2014-10-18','2015-12-14',2),('Simona','Morasca','simona@morasca.com','$s0$41010$i2IczeltEvCBM+/0obu97g==$oTIjVf94V4tzv3A/ghb3rJhgYH2Yg9MJQNx9PZzliws=','img/default.png','2014-05-10','2015-04-24',2),('Salena','Karpel','skarpel@cox.net','$s0$41010$Er/TirAyzoKLfM5h1hcEEg==$7zuO+mCfa/26G0NuXqh/oXRXAmKjHo4RhUP9kS+NoAU=','img/default.png','2014-10-05','2015-08-12',1),('Skye','Fillingim','skye_fillingim@yahoo.com','$s0$41010$P5DVwcCRwSisyEzYv9kQ1A==$eg3MrBdwBSjeJdkoOTr38f3mO/lFIsVmtsKY+Mvpt7w=','img/default.png','2014-10-01','2015-01-27',1),('Salome','Lacovara','slacovara@gmail.com','$s0$41010$CcEfn2xUHnzDuWQap3cvvA==$S2JMM3ozCu6vgOBRVt61IqWd5R4I+IvN++qg8c5Ia7U=','img/default.png','2014-09-04','2015-09-08',1),('Solange','Shinko','solange@shinko.com','$s0$41010$jEpmJisSZLaRzOJhkQHhng==$u76JveUfhZFkYBLEdubImtsFhzLwAl31EScAz+E5EV4=','img/default.png','2014-10-23','2015-09-25',2),('Stephaine','Barfield','stephaine@barfield.com','$s0$41010$t+D720kEaCbJupxpzydhtg==$ai+1zeahUaoxQJh1mt3Qc5uN7EthJzMg5ctu7W0vGjA=','img/default.png','2014-03-01','2015-07-28',2),('Stephaine','Vinning','stephaine@cox.net','$s0$41010$JBBLuG+8ugN1fbAeOxVw1A==$XuF+iupdyOfNHMjdxJY8mtWjmS8tdF7b0n934IlxYNE=','img/default.png','2014-05-06','2015-08-31',2),('Stephen','Emigh','stephen_emigh@hotmail.com','$s0$41010$a+QweErnLBLCmcxJnfwFPQ==$wlevtzxfzfZhbrdKTeWIum6DcL206uzLeOxNgKyiBgY=','img/default.png','2014-06-24','2015-05-28',2),('Stevie','Westerbeck','stevie.westerbeck@yahoo.com','$s0$41010$IeTP9QwsXN5o5LNE5c/yQQ==$jm7K/2KW71boBDByZ/Lt2zpL+QG9ZlCPPzzwvCeDOeo=','img/default.png','2014-10-17','2015-09-21',1),('Sue','Kownacki','sue@aol.com','$s0$41010$oSyU9u+LU2Ko2ubbMBWmUA==$JU315wFhwFP9cm384MEXJ9lrmFbhz7DPvYuirVMNM+E=','img/default.png','2014-04-24','2015-07-03',2),('Sylvia','Cousey','sylvia_cousey@cousey.org','$s0$41010$OvKk4Vr1hSVY8ETcCjJ/lQ==$mN7vj0MmvOre0nh+mPlhiehFJjTZjyO2fiLQMz6rTRM=','img/default.png','2014-07-04','2015-11-01',2),('Talia','Riopelle','talia_riopelle@aol.com','$s0$41010$BRjYCwTKZ25i8IvwZMcGzQ==$mErYKfzGwFYf+koDibUN5SGtDk1Xtrj8sO80x8whRmQ=','img/default.png','2014-07-29','2015-01-11',2),('Tamar','Hoogland','tamar@hotmail.com','$s0$41010$PgNbrc0WU61MsMBlBAXLzg==$dvH/KrRjGTZd4r0zs+9WkBuOQW0d+/v1wfpUxJfSgu4=','img/default.png','2014-02-20','2015-07-22',2),('Taryn','Moyd','taryn.moyd@hotmail.com','$s0$41010$FXCEPmP5wc/vnMo81+t/XA==$isf90dEkla9hEnKfzAFqXjXLlLiB4N457rc8waRBzLI=','img/default.png','2014-01-06','2015-10-22',1),('Tawna','Buvens','tawna@gmail.com','$s0$41010$j28t1d91b6khfoYdXRqxQQ==$huPyGQVLaIetjhN6UsLQHWzvJuyNd01ffuw03150NV0=','img/default.png','2014-09-28','2015-08-14',2),('Teri','Ennaco','tennaco@gmail.com','$s0$41010$+yJvudIxOId2R6DoySAEJw==$QVgQVmrSCPWAbKXhhH8w5IrHCBhj4o7aVykLE215pUQ=','img/default.png','2014-12-15','2015-06-14',2),('Terrilyn','Rodeigues','terrilyn.rodeigues@cox.net','$s0$41010$QergRpniB4s26n/8VmRKeQ==$TYwM6bZecZFqUUfKCjjdGZZtL3LciLJN4zejXTWsA7o=','img/default.png','2014-10-25','2015-03-15',1),('Tiera','Frankel','tfrankel@aol.com','$s0$41010$0+N1kETk+CzjshSz9nwIrg==$mo1Fq3Lu58ABFb27ePddHLux8RYS3MMGvS+MoZDRAU8=','img/default.png','2014-02-15','2015-05-04',1),('Theodora','Restrepo','theodora.restrepo@restrepo.com','$s0$41010$0eQYvddcqkthUS5RxLJTQA==$lXJC/7loNh2Uq4Re/QsWLqwBKZHZ0nnMV0Fj2ComSdU=','img/default.png','2014-05-02','2015-03-05',1),('Theola','Frey','theola_frey@frey.com','$s0$41010$3qrm026mKFmCLB2aQGpBDg==$+sy8lyISwiVSzWxd8Dh1/TVK4Kp++yEVrgkV/G5ISlU=','img/default.png','2014-09-11','2015-12-28',2),('Thurman','Manno','thurman.manno@yahoo.com','$s0$41010$Az0/zBjQh3gnFKc52ZQu6Q==$zlPrF3s23My60Q+aaAj8fn1hLmWvITxHNKNAdQehhXs=','img/default.png','2014-09-21','2015-04-27',2),('Tiffiny','Steffensmeier','tiffiny_steffensmeier@cox.net','$s0$41010$tQ6CMlc7GILD4bMZ1x5OGQ==$pi8+VKvQmpelJGmN4GcluFHMS8nXhMo3g8dyJAbZvss=','img/default.png','2014-04-15','2015-07-24',2),('Timothy','Mulqueen','timothy_mulqueen@mulqueen.org','$s0$41010$y7gjhhlYFbGZeMYTDhkAig==$Q+jWBzgK0I3TbYcDN7eRHyTPFfSEtoz0LrCrpZyp9yQ=','img/default.png','2014-12-18','2015-07-22',2),('Tracey','Modzelewski','tracey@hotmail.com','$s0$41010$uF2A88PHtvwyJ+zfUi5rbQ==$dH253DkA60DLuZ1zBr/HxgXXfJijE0ufkHFRpPOdPCc=','img/default.png','2014-10-01','2015-10-19',1),('Tresa','Sweely','tresa_sweely@hotmail.com','$s0$41010$XsBAKxFS14nVN9PVst/kjA==$JFs7jz23dHhfzVcQWHSZpERGofMfXMTO1f/1YuRo1tI=','img/default.png','2014-11-14','2015-03-26',1),('Tyra','Shields','tshields@gmail.com','$s0$41010$cdL5wEFOQ0eSDQ2dVvufeA==$9GU9gJVerPL1MLnNQfVufQtRZgs5FHbO5NL5gwvGOBs=','img/default.png','2014-05-30','2015-06-23',2),('Ty','Smith','tsmith@aol.com','$s0$41010$ipfAev3PcxE6ixihK6eO4g==$sMXnmOW9DgwXMtQmAObQn5zuQlrHmT4wz6xiMbuGx3I=','img/default.png','2014-09-07','2015-09-26',2),('Twana','Felger','twana.felger@felger.org','$s0$41010$Qra2FByPex5Hxl1LJr7LWg==$+XKNoa5mBrsIGiukePzE5NiZGLG32JwPd5spfskI6XI=','img/default.png','2014-02-10','2015-05-16',2),('Tammara','Wardrip','twardrip@cox.net','$s0$41010$oixE0L4r+aMZGaqdg7wj+g==$1cu4CsOci72qp20vBc++PPJzALxtkSWdZa6NygTEG64=','img/default.png','2014-10-05','2015-07-07',2),('Tonette','Wenner','twenner@aol.com','$s0$41010$HmWEDR0bIo+T2vGZkhfZrQ==$6x+Rsull8WhfkOiDd9r+YbYFxYHM+aKxhTad8a397mo=','img/default.png','2014-11-11','2015-12-01',2),('Valentine','Gillian','valentine_gillian@gmail.com','$s0$41010$co81VN9QXa1yHBRvIYn59g==$GndMzVDu5qPCrh7hEPu0MFP0Vdu632gkS0V1eVgphf8=','img/default.png','2014-09-24','2015-01-26',2),('Van','Shire','van.shire@shire.com','$s0$41010$9PYHjwa/BGVDnxlmpHFkhg==$jTjozIiA0x8NyUsJAqof+9JJrNYFIMUBEBDhb7QhTNI=','img/default.png','2014-07-05','2015-09-13',2),('Vincent','Meinerding','vincent.meinerding@hotmail.com','$s0$41010$F3XM1p8/VVICU+UOGCWhZA==$+H76Sy239aSH/+MFxFaMzS7QT6qYOWMzdmT7zB5pmXc=','img/default.png','2014-02-03','2015-10-24',1),('Veronika','Inouye','vinouye@aol.com','$s0$41010$torby0Imngu60karpsM+8g==$CgEi1m7qpSpNfZZCI/hOLxpoXXInO1+OQW4LyrkkhuA=','img/default.png','2014-03-25','2015-10-03',2),('Viola','Bitsuie','viola@gmail.com','$s0$41010$ED+pnRe3OvBfwhUBn+DXcQ==$d5GxCvl0CwHb2Mj3K+3pwD7xJvB7gNT8JCVT/qbOteI=','img/default.png','2014-11-28','2015-06-22',1),('Virgina','Tegarden','virgina_tegarden@tegarden.com','$s0$41010$KZaeqDK+J5jcxPzuwUonvQ==$3Z6zVvyQlLplOgFEvFah46zGmWAIGzWclL5hOgxDXBw=','img/default.png','2014-04-19','2015-01-10',1),('Viva','Toelkes','viva.toelkes@gmail.com','$s0$41010$QTmw1QXoDxVPECc71hmnLA==$4MtRK7ukG7qQfTPVZVHAGN8V7m/Gqi0dSTr2W5prYyI=','img/default.png','2014-09-08','2015-11-24',2),('Valentin','Klimek','vklimek@klimek.org','$s0$41010$mg5ypQsnI1UslcHWYP5cag==$Jj7Ru3NzMNUXOskL/ETpmrAOkO3PJWvID4MixHWwupQ=','img/default.png','2014-01-24','2015-03-12',2),('Vallie','Mondella','vmondella@mondella.com','$s0$41010$UMQEP+d+luVTNrDO4OofsQ==$leQYNUkzHJOjN7vWW+W2BYREoePDvavFl5fVg4jjGcc=','img/default.png','2014-01-16','2015-07-02',2),('Wilda','Giguere','wilda@cox.net','$s0$41010$KZmWUVicsopnkzIB7dL8bQ==$Pm/pJFfzfC7gaM5gbBQo1wEOKWgh37n77P6YSjqbKlQ=','img/default.png','2014-12-20','2015-09-20',2),('Willard','Kolmetz','willard@hotmail.com','$s0$41010$sSpLFp0aTNE4J7iaqj4/4g==$SOzjghnYMSYxh0dXPi525cd72kSSIGPZJwCp0NhXTEo=','img/default.png','2014-03-11','2015-09-11',2),('Willodean','Konopacki','willodean_konopacki@konopacki.org','$s0$41010$TRYYvcJJSzvDUHb0uXSIKg==$6BN5B5BlyxTcpQGRQzmWEFr0nTPFUcTOb43tiJcVhQY=','img/default.png','2014-02-17','2015-12-23',1),('Willow','Kusko','wkusko@yahoo.com','$s0$41010$XC0+OCiZ3TmROeg0jRSZgQ==$aBS9QDWHFQL9vCg8Fq1kAAM0MOGAAuRi2ckIdSJ8KG8=','img/default.png','2014-12-30','2015-02-11',2),('Xuan','Rochin','xuan@gmail.com','$s0$41010$8hX4aLIUfzDrXZZFDTk7Gw==$K1SkhiyEMXtG1CN/4wsR/RS7783Zrv6+U/THbVjTa8s=','img/default.png','2014-04-26','2015-06-01',2),('Yoko','Fishburne','yoko@fishburne.com','$s0$41010$DAVy7pfU1p4853VaAlV0ZA==$e52sk8BTjXhWMDItd8SFN6NJ2udrO8lz/LsCQqJMoj0=','img/default.png','2014-02-23','2015-11-02',1),('Yolando','Luczki','yolando@cox.net','$s0$41010$8qT9KPv1Zqsya1xZPrfhhQ==$JiFlssx3qXR7beTwbKGC19gRKkO32ccnzyBTo87usGY=','img/default.png','2014-04-17','2015-08-17',2),('Youlanda','Schemmer','youlanda@aol.com','$s0$41010$lyHNqeuaU3FYf3DgN7BqmA==$oqJ9bO0CbEBTrtkTBcxOGxU3vRhCuvCuvU8stVrgAuc=','img/default.png','2014-12-30','2015-05-02',2),('Yuki','Whobrey','yuki_whobrey@aol.com','$s0$41010$ZtZEZiuUhEk8fdt/l8T9ww==$g1opeePpWwwvvwaGSb5eYmC2C5T4PhUuHTuMzm47yiQ=','img/default.png','2014-01-14','2015-01-30',2),('Yvonne','Tjepkema','yvonne.tjepkema@hotmail.com','$s0$41010$wkwuGLek1/MPHQ/MgCSW0A==$O342p4ewZLzRwnfZmyvGX5via75LYDtoz3VZ9wPjABo=','img/default.png','2014-05-06','2015-11-27',1);
CREATE TABLE `venditore` (
  `utente` varchar(255) NOT NULL,
  `data_registrazione` date NOT NULL,
  PRIMARY KEY (`utente`),
  CONSTRAINT `venditore_ibfk_1` FOREIGN KEY (`utente`) REFERENCES `utente` (`email`)
) ENGINE=InnoDB DEFAULT CHARSET=utf8;
INSERT INTO `venditore` VALUES ('ahoneywell@honeywell.com','2016-10-23'),('albina@glick.com','2016-07-04'),('alease@buemi.com','2016-02-04'),('alisha@slusarski.com','2016-12-15'),('allene_iturbide@cox.net','2016-06-29'),('amaclead@gmail.com','2016-08-08'),('amber_monarrez@monarrez.org','2016-07-11'),('ammie@corrio.com','2016-10-29'),('andra@gmail.com','2016-07-23'),('angella.cetta@hotmail.com','2016-04-23'),('annabelle.boord@cox.net','2016-11-14'),('arlene_klusman@gmail.com','2016-06-03'),('arminda@parvis.com','2016-07-03'),('art@venere.org','2016-04-02'),('asergi@gmail.com','2016-10-03'),('audra@kohnert.com','2016-01-06'),('bbolognia@yahoo.com','2016-10-21'),('beatriz@yahoo.com','2016-12-24'),('becky.mirafuentes@mirafuentes.com','2016-06-26'),('belen_strassner@aol.com','2016-06-25'),('benton.skursky@aol.com','2016-12-16'),('bette_nicka@cox.net','2016-05-05'),('bfigeroa@aol.com','2016-11-02'),('bmalet@yahoo.com','2016-02-29'),('bok.isaacs@aol.com','2016-04-17'),('bpugh@aol.com','2016-12-26'),('brandon_callaro@hotmail.com','2016-01-16'),('brhym@rhym.com','2016-04-03'),('bulah_padilla@hotmail.com','2016-02-26'),('calbares@gmail.com','2017-01-01'),('candida_corbley@hotmail.com','2016-07-16'),('carissa.batman@yahoo.com','2016-09-11'),('carma@cox.net','2016-11-11'),('carmelina_lindall@lindall.com','2016-03-22'),('ccookey@cookey.org','2016-07-12'),('cdeleo@deleo.com','2016-12-22'),('cecily@hollack.org','2016-04-13'),('cgoldammer@cox.net','2016-06-28'),('chanel.caudy@caudy.org','2016-08-07'),('chantell@yahoo.com','2016-07-14'),('chau@gmail.com','2016-11-14'),('cheryl@haroldson.org','2016-10-01'),('choa@hoa.org','2016-02-18'),('ckorando@hotmail.com','2016-05-30'),('claribel_varriano@cox.net','2016-08-31'),('cory.gibes@gmail.com','2016-02-01'),('danica_bruschke@gmail.com','2016-06-07'),('deeanna_juhas@gmail.com','2016-11-28'),('delisa.crupi@crupi.com','2016-03-31'),('delmy.ahle@hotmail.com','2016-07-04'),('devorah@hotmail.com','2016-10-16'),('devora_perez@perez.org','2016-06-10'),('dhidvegi@yahoo.com','2016-10-30'),('dkines@hotmail.com','2016-10-28'),('doldroyd@aol.com','2016-08-20'),('dominque.dickerson@dickerson.org','2016-09-12'),('donette.foller@cox.net','2016-07-31'),('dweirather@aol.com','2016-10-25'),('dyum@yahoo.com','2016-05-02'),('elly_morocco@gmail.com','2016-03-25'),('elvera.benimadho@cox.net','2016-02-23'),('elza@yahoo.com','2016-01-17'),('emerson.bowley@bowley.org','2016-10-11'),('emiceli@miceli.org','2016-10-02'),('erick.ferencz@aol.com','2016-06-07'),('ernie_stenseth@aol.com','2016-11-25'),('estrella@aol.com','2016-03-18'),('eun@yahoo.com','2016-05-08'),('evangelina@aol.com','2016-02-16'),('ezekiel@chui.com','2016-07-28'),('fannie.lungren@yahoo.com','2016-06-27'),('fjillson@aol.com','2016-09-21'),('fletcher.flosi@yahoo.com','2016-02-25'),('fpoullion@poullion.com','2016-08-01'),('francine_vocelka@vocelka.com','2016-06-19'),('fsaylors@saylors.org','2016-07-29'),('gearldine_gellinger@gellinger.com','2016-06-22'),('gkulzer@kulzer.org','2016-08-26'),('gladys.rim@rim.org','2016-10-30'),('gmontezuma@cox.net','2016-03-12'),('gpawlowicz@yahoo.com','2016-06-27'),('gracia@melnyk.com','2016-11-06'),('gruta@cox.net','2016-10-13'),('hdemesa@cox.net','2016-05-15'),('hillary.skulski@aol.com','2016-07-01'),('hpaulas@gmail.com','2016-05-19'),('ilene.eroman@hotmail.com','2016-05-29'),('irma.wolfgramm@hotmail.com','2016-11-27'),('jamal@vanausdal.org','2016-04-20'),('jbrideau@aol.com','2016-10-14'),('jbutt@gmail.com','2016-01-09'),('jfallick@yahoo.com','2016-10-04'),('jhanafan@gmail.com','2016-09-22'),('jina_briddick@briddick.com','2016-05-08'),('jmconnell@hotmail.com','2016-07-29'),('joesph_degonia@degonia.org','2016-10-29'),('johnetta_abdallah@aol.com','2016-05-28'),('jose@yahoo.com','2016-07-18'),('josephine_darakjy@darakjy.org','2016-07-07'),('jshin@shin.com','2016-12-09'),('kallie.blackwood@gmail.com','2016-02-23'),('kanisha_waycott@yahoo.com','2016-12-02'),('karan_karpin@gmail.com','2016-02-25'),('karl_klonowski@yahoo.com','2016-01-01'),('kati.rulapaugh@hotmail.com','2016-07-20'),('kerry.theodorov@gmail.com','2016-09-30'),('kiley.caldarera@aol.com','2016-02-01'),('kimbery_madarang@cox.net','2016-03-11'),('kris@gmail.com','2016-09-15'),('lai.gato@gato.org','2016-12-12'),('larae_gudroe@gmail.com','2016-08-13'),('latrice.tolfree@hotmail.com','2016-03-29'),('laurel_reitler@reitler.com','2016-05-12'),('layla.springe@cox.net','2016-01-31'),('lemuel.latzke@gmail.com','2016-05-02'),('leota@hotmail.com','2016-06-03'),('lettie_isenhower@yahoo.com','2016-02-06'),('lezlie.craghead@craghead.org','2016-03-28'),('lhagele@cox.net','2016-11-23'),('lindsey.dilello@hotmail.com','2016-10-02'),('lisha@centini.org','2016-01-30'),('lizette.stem@aol.com','2016-02-24'),('lmerced@gmail.com','2016-07-02'),('lnestle@hotmail.com','2016-01-22'),('louisa@cronauer.com','2016-10-16'),('lpaprocki@hotmail.com','2016-10-13'),('lperin@perin.org','2016-07-15'),('lucina_lary@cox.net','2016-05-01'),('malinda.hochard@yahoo.com','2016-01-21'),('marguerita.hiatt@gmail.com','2016-04-10'),('marti.maybury@yahoo.com','2016-03-19'),('mattie@aol.com','2016-03-29'),('maurine_yglesias@yglesias.com','2016-07-24'),('meaghan@hotmail.com','2016-02-02'),('melissa@cox.net','2016-10-02'),('merilyn_bayless@cox.net','2016-07-02'),('merlyn_lawler@hotmail.com','2016-03-31'),('micaela_rhymes@gmail.com','2016-09-23'),('minna_amigon@yahoo.com','2016-11-24'),('mitsue_tollner@yahoo.com','2016-04-20'),('mknipp@gmail.com','2016-10-28'),('mmastella@mastella.com','2016-03-18'),('mmunns@cox.net','2016-08-01'),('moon@yahoo.com','2016-04-14'),('mroyster@royster.com','2016-09-03'),('nana@aol.com','2016-07-07'),('natalie.fern@hotmail.com','2016-07-22'),('nelida@gmail.com','2016-03-24'),('nieves_gotter@gmail.com','2016-06-22'),('novella_degroot@degroot.org','2016-09-07'),('oretha_menter@yahoo.com','2016-12-30'),('oshealy@hotmail.com','2016-12-06'),('pamella.schmierer@schmierer.org','2016-08-29'),('penney_weight@aol.com','2016-07-05'),('reita.leto@gmail.com','2016-07-26'),('rolande.spickerman@spickerman.com','2016-04-21'),('rolland@cox.net','2016-10-29'),('rosio.cork@gmail.com','2016-03-21'),('roxane@hotmail.com','2016-08-12'),('rozella.ostrosky@ostrosky.com','2016-05-28'),('rpapasergi@cox.net','2016-03-11'),('sabra@uyetake.org','2016-09-30'),('sage_wieser@cox.net','2016-02-29'),('scarlet.cartan@yahoo.com','2016-07-25'),('shawna_palaspas@palaspas.org','2016-05-01'),('shenika@gmail.com','2016-12-21'),('sheridan.zane@zane.com','2016-11-12'),('simona@morasca.com','2016-05-27'),('solange@shinko.com','2016-06-01'),('stephaine@barfield.com','2016-11-18'),('stephaine@cox.net','2016-02-26'),('stephen_emigh@hotmail.com','2016-02-15'),('sue@aol.com','2016-02-29'),('sylvia_cousey@cousey.org','2016-06-11'),('talia_riopelle@aol.com','2016-09-23'),('tamar@hotmail.com','2016-04-23'),('tawna@gmail.com','2016-05-12'),('tennaco@gmail.com','2016-11-19'),('theola_frey@frey.com','2016-05-02'),('thurman.manno@yahoo.com','2016-01-09'),('tiffiny_steffensmeier@cox.net','2016-02-09'),('timothy_mulqueen@mulqueen.org','2016-06-20'),('tshields@gmail.com','2016-01-10'),('tsmith@aol.com','2016-09-19'),('twana.felger@felger.org','2016-07-04'),('twardrip@cox.net','2016-05-21'),('twenner@aol.com','2016-05-28'),('valentine_gillian@gmail.com','2016-11-17'),('van.shire@shire.com','2016-03-01'),('vinouye@aol.com','2016-03-13'),('viva.toelkes@gmail.com','2016-06-30'),('vklimek@klimek.org','2016-11-19'),('vmondella@mondella.com','2016-12-06'),('wilda@cox.net','2016-12-30'),('willard@hotmail.com','2016-03-10'),('wkusko@yahoo.com','2016-12-20'),('xuan@gmail.com','2016-04-07'),('yolando@cox.net','2016-06-05'),('youlanda@aol.com','2016-05-05'),('yuki_whobrey@aol.com','2016-06-05');
